-- Farm Management System - Complete MySQL Schema for InfinityFree
SET NAMES utf8mb4;
SET FOREIGN_KEY_CHECKS = 0;

DROP TABLE IF EXISTS `activity_inputs`;
DROP TABLE IF EXISTS `activities`;
DROP TABLE IF EXISTS `harvests`;
DROP TABLE IF EXISTS `crops`;
DROP TABLE IF EXISTS `infrastructure`;
DROP TABLE IF EXISTS `inputs`;
DROP TABLE IF EXISTS `fields`;
DROP TABLE IF EXISTS `farms`;
DROP TABLE IF EXISTS `contracts`;
DROP TABLE IF EXISTS `cost_settings`;
DROP TABLE IF EXISTS `crop_definitions`;
DROP TABLE IF EXISTS `documents`;
DROP TABLE IF EXISTS `farm_users`;
DROP TABLE IF EXISTS `infrastructure_definitions`;
DROP TABLE IF EXISTS `weather_data`;
DROP TABLE IF EXISTS `users`;
DROP TABLE IF EXISTS `spatial_ref_sys`;

-- Users
CREATE TABLE IF NOT EXISTS `users` (
  `id` char(36) NOT NULL,
  `email` varchar(255) NOT NULL,
  `password_hash` varchar(255) NOT NULL,
  `first_name` varchar(255) NOT NULL,
  `last_name` varchar(255) NOT NULL,
  `phone` varchar(255) DEFAULT NULL,
  `role` varchar(255) NOT NULL DEFAULT 'farmer',
  `profile_image_url` text DEFAULT NULL,
  `is_active` tinyint(1) DEFAULT '1',
  `created_at` datetime NOT NULL,
  `updated_at` datetime NOT NULL,
  PRIMARY KEY (`id`),
  UNIQUE KEY `email` (`email`)
) ENGINE=InnoDB DEFAULT CHARSET=utf8mb4;

-- Farms
CREATE TABLE IF NOT EXISTS `farms` (
  `id` char(36) NOT NULL,
  `owner_id` char(36) NOT NULL,
  `name` varchar(255) NOT NULL,
  `address` text DEFAULT NULL,
  `city` varchar(255) DEFAULT NULL,
  `state` varchar(255) DEFAULT NULL,
  `country` varchar(255) DEFAULT NULL,
  `postal_code` varchar(255) DEFAULT NULL,
  `coordinates` POINT DEFAULT NULL,
  `boundary` POLYGON DEFAULT NULL,
  `total_area` decimal(10,2) DEFAULT NULL,
  `area_unit` varchar(255) DEFAULT 'hectares',
  `farm_type` varchar(255) DEFAULT NULL,
  `is_active` tinyint(1) DEFAULT '1',
  `created_at` datetime NOT NULL,
  `updated_at` datetime NOT NULL,
  PRIMARY KEY (`id`),
  CONSTRAINT `farms_owner_fk` FOREIGN KEY (`owner_id`) REFERENCES `users` (`id`) ON DELETE CASCADE
) ENGINE=InnoDB DEFAULT CHARSET=utf8mb4;

-- Fields
CREATE TABLE IF NOT EXISTS `fields` (
  `id` char(36) NOT NULL,
  `farm_id` char(36) NOT NULL,
  `name` varchar(255) NOT NULL,
  `field_number` varchar(255) DEFAULT NULL,
  `status` varchar(255) DEFAULT 'active',
  `crop_id` char(36) DEFAULT NULL,
  `boundary` POLYGON NOT NULL,
  `area` decimal(10,2) DEFAULT NULL,
  `perimeter` decimal(10,2) DEFAULT NULL,
  `area_unit` varchar(255) DEFAULT 'hectares',
  `soil_type` varchar(255) DEFAULT NULL,
  `drainage` varchar(255) DEFAULT NULL,
  `slope` varchar(255) DEFAULT NULL,
  `irrigation` tinyint(1) DEFAULT '0',
  `notes` text DEFAULT NULL,
  `is_active` tinyint(1) DEFAULT '1',
  `carbon_sequestration` decimal(10,2) DEFAULT '0.00',
  `water_efficiency` decimal(5,2) DEFAULT '100.00',
  `created_at` datetime NOT NULL,
  `updated_at` datetime NOT NULL,
  PRIMARY KEY (`id`),
  CONSTRAINT `fields_farm_fk` FOREIGN KEY (`farm_id`) REFERENCES `farms` (`id`) ON DELETE CASCADE
) ENGINE=InnoDB DEFAULT CHARSET=utf8mb4;

-- Infrastructure
CREATE TABLE IF NOT EXISTS `infrastructure` (
  `id` char(36) NOT NULL,
  `farm_id` char(36) NOT NULL,
  `field_id` char(36) DEFAULT NULL,
  `name` varchar(255) NOT NULL,
  `type` varchar(255) NOT NULL,
  `sub_type` varchar(255) DEFAULT NULL,
  `status` varchar(255) DEFAULT 'operational',
  `condition` varchar(255) DEFAULT 'good',
  `material` varchar(255) DEFAULT NULL,
  `maintenance_history` json DEFAULT NULL,
  `construction_date` date DEFAULT NULL,
  `cost` decimal(15,2) DEFAULT NULL,
  `area_sqm` decimal(10,2) DEFAULT NULL,
  `capacity_unit` varchar(255) DEFAULT 'MT',
  `quantity` int DEFAULT '1',
  `unit_price` decimal(15,2) DEFAULT NULL,
  `acquisition_cost` decimal(15,2) DEFAULT NULL,
  `perimeter` decimal(10,2) DEFAULT NULL,
  `boundary_manual` text DEFAULT NULL,
  `boundary` POLYGON DEFAULT NULL,
  `notes` text DEFAULT NULL,
  `created_at` datetime NOT NULL,
  `updated_at` datetime NOT NULL,
  PRIMARY KEY (`id`),
  CONSTRAINT `infra_farm_fk` FOREIGN KEY (`farm_id`) REFERENCES `farms` (`id`) ON DELETE CASCADE
) ENGINE=InnoDB DEFAULT CHARSET=utf8mb4;

-- Inputs
CREATE TABLE IF NOT EXISTS `inputs` (
  `id` char(36) NOT NULL,
  `farm_id` char(36) NOT NULL,
  `name` varchar(255) NOT NULL,
  `brand` varchar(255) DEFAULT NULL,
  `input_type` varchar(255) DEFAULT NULL,
  `category` varchar(255) DEFAULT NULL,
  `unit` varchar(255) DEFAULT NULL,
  `quantity_in_stock` decimal(15,2) DEFAULT '0.00',
  `reorder_level` decimal(15,2) DEFAULT '0.00',
  `unit_cost` decimal(15,2) DEFAULT '0.00',
  `created_at` datetime NOT NULL,
  `updated_at` datetime NOT NULL,
  PRIMARY KEY (`id`),
  CONSTRAINT `inputs_farm_fk` FOREIGN KEY (`farm_id`) REFERENCES `farms` (`id`) ON DELETE CASCADE
) ENGINE=InnoDB DEFAULT CHARSET=utf8mb4;

-- Crops
CREATE TABLE IF NOT EXISTS `crops` (
  `id` char(36) NOT NULL,
  `field_id` char(36) NOT NULL,
  `crop_type` varchar(255) NOT NULL,
  `variety` varchar(255) DEFAULT NULL,
  `planting_date` date DEFAULT NULL,
  `expected_harvest_date` date DEFAULT NULL,
  `actual_harvest_date` date DEFAULT NULL,
  `planted_area` decimal(10,2) DEFAULT NULL,
  `planting_rate` decimal(10,2) DEFAULT NULL,
  `row_spacing` decimal(10,2) DEFAULT NULL,
  `status` varchar(255) NOT NULL DEFAULT 'planted',
  `season` varchar(255) DEFAULT NULL,
  `year` int NOT NULL,
  `estimated_cost` decimal(10,2) DEFAULT '0.00',
  `boundary` POLYGON DEFAULT NULL,
  `notes` text DEFAULT NULL,
  `created_at` datetime NOT NULL,
  `updated_at` datetime NOT NULL,
  PRIMARY KEY (`id`),
  CONSTRAINT `crops_field_fk` FOREIGN KEY (`field_id`) REFERENCES `fields` (`id`) ON DELETE CASCADE
) ENGINE=InnoDB DEFAULT CHARSET=utf8mb4;

-- Harvests
CREATE TABLE IF NOT EXISTS `harvests` (
  `id` char(36) NOT NULL,
  `crop_id` char(36) NOT NULL,
  `harvest_date` date NOT NULL,
  `area_harvested` decimal(10,2) DEFAULT NULL,
  `quantity` decimal(10,2) NOT NULL,
  `unit` varchar(255) NOT NULL,
  `yield_per_area` decimal(10,2) DEFAULT NULL,
  `quality_grade` varchar(255) DEFAULT NULL,
  `moisture_content` decimal(5,2) DEFAULT NULL,
  `storage_location` varchar(255) DEFAULT NULL,
  `destination` varchar(255) DEFAULT NULL,
  `price_per_unit` decimal(10,2) DEFAULT NULL,
  `total_revenue` decimal(10,2) DEFAULT NULL,
  `notes` text DEFAULT NULL,
  `created_at` datetime NOT NULL,
  `updated_at` datetime NOT NULL,
  PRIMARY KEY (`id`),
  CONSTRAINT `harvests_crop_fk` FOREIGN KEY (`crop_id`) REFERENCES `crops` (`id`) ON DELETE CASCADE
) ENGINE=InnoDB DEFAULT CHARSET=utf8mb4;

-- Activities
CREATE TABLE IF NOT EXISTS `activities` (
  `id` char(36) NOT NULL,
  `crop_id` char(36) DEFAULT NULL,
  `field_id` char(36) DEFAULT NULL,
  `infrastructure_id` char(36) DEFAULT NULL,
  `harvest_id` char(36) DEFAULT NULL,
  `farm_id` char(36) DEFAULT NULL,
  `performed_by` char(36) DEFAULT NULL,
  `activity_type` varchar(255) NOT NULL,
  `activity_date` date NOT NULL,
  `start_time` time DEFAULT NULL,
  `end_time` time DEFAULT NULL,
  `duration_hours` decimal(10,2) DEFAULT NULL,
  `area_covered` decimal(10,2) DEFAULT NULL,
  `description` text DEFAULT NULL,
  `priority` varchar(255) DEFAULT NULL,
  `work_status` varchar(255) DEFAULT NULL,
  `transaction_type` varchar(255) DEFAULT 'expense',
  `labor_cost` decimal(15,2) DEFAULT NULL,
  `material_cost` decimal(15,2) DEFAULT NULL,
  `equipment_cost` decimal(15,2) DEFAULT NULL,
  `service_cost` decimal(15,2) DEFAULT NULL,
  `transport_cost` decimal(15,2) DEFAULT NULL,
  `other_cost` decimal(15,2) DEFAULT NULL,
  `total_cost` decimal(15,2) DEFAULT NULL,
  `payment_method` varchar(255) DEFAULT NULL,
  `num_workers` int DEFAULT NULL,
  `weather_conditions` text DEFAULT NULL,
  `temperature` decimal(5,2) DEFAULT NULL,
  `equipment_used` text DEFAULT NULL,
  `component` varchar(255) DEFAULT NULL,
  `materials_used` text DEFAULT NULL,
  `next_maintenance` date DEFAULT NULL,
  `issues` text DEFAULT NULL,
  `supplier_name` varchar(255) DEFAULT NULL,
  `supplier_contact` varchar(255) DEFAULT NULL,
  `invoice_number` varchar(255) DEFAULT NULL,
  `warranty` varchar(255) DEFAULT NULL,
  `notes` text DEFAULT NULL,
  `created_at` datetime NOT NULL,
  `updated_at` datetime NOT NULL,
  PRIMARY KEY (`id`),
  CONSTRAINT `activities_farm_fk` FOREIGN KEY (`farm_id`) REFERENCES `farms` (`id`) ON DELETE CASCADE,
  CONSTRAINT `activities_performed_by_fk` FOREIGN KEY (`performed_by`) REFERENCES `users` (`id`) ON DELETE SET NULL
) ENGINE=InnoDB DEFAULT CHARSET=utf8mb4;

-- Activity Inputs (Junction Table)
CREATE TABLE IF NOT EXISTS `activity_inputs` (
  `id` char(36) NOT NULL,
  `activity_id` char(36) NOT NULL,
  `input_id` char(36) NOT NULL,
  `quantity_used` decimal(10,2) NOT NULL,
  `unit` varchar(255) NOT NULL,
  `application_rate` decimal(10,2) DEFAULT NULL,
  `application_method` varchar(255) DEFAULT NULL,
  `cost` decimal(10,2) DEFAULT NULL,
  `created_at` datetime NOT NULL,
  PRIMARY KEY (`id`),
  CONSTRAINT `act_in_activity_fk` FOREIGN KEY (`activity_id`) REFERENCES `activities` (`id`) ON DELETE CASCADE,
  CONSTRAINT `act_in_input_fk` FOREIGN KEY (`input_id`) REFERENCES `inputs` (`id`) ON DELETE CASCADE
) ENGINE=InnoDB DEFAULT CHARSET=utf8mb4;

-- Contracts
CREATE TABLE IF NOT EXISTS `contracts` (
  `id` char(36) NOT NULL,
  `farm_id` char(36) NOT NULL,
  `contract_type` varchar(255) NOT NULL,
  `partner_name` varchar(255) NOT NULL,
  `crop_id` char(36) DEFAULT NULL,
  `quantity` decimal(10,2) NOT NULL,
  `unit` varchar(255) NOT NULL,
  `price_per_unit` decimal(10,2) NOT NULL,
  `total_value` decimal(12,2) NOT NULL,
  `start_date` date NOT NULL,
  `end_date` date DEFAULT NULL,
  `status` varchar(255) DEFAULT 'draft',
  `delivery_terms` text DEFAULT NULL,
  `payment_terms` text DEFAULT NULL,
  `notes` text DEFAULT NULL,
  `created_at` datetime NOT NULL,
  `updated_at` datetime NOT NULL,
  PRIMARY KEY (`id`),
  CONSTRAINT `contracts_farm_fk` FOREIGN KEY (`farm_id`) REFERENCES `farms` (`id`) ON DELETE CASCADE
) ENGINE=InnoDB DEFAULT CHARSET=utf8mb4;

-- Cost Settings
CREATE TABLE IF NOT EXISTS `cost_settings` (
  `id` char(36) NOT NULL,
  `farm_id` char(36) NOT NULL,
  `category` varchar(255) NOT NULL,
  `name` varchar(255) NOT NULL,
  `unit` varchar(255) DEFAULT NULL,
  `unit_cost` decimal(10,2) DEFAULT '0.00',
  `billing_frequency` varchar(255) DEFAULT 'per_unit',
  `notes` text DEFAULT NULL,
  `created_at` datetime NOT NULL,
  `updated_at` datetime NOT NULL,
  PRIMARY KEY (`id`),
  CONSTRAINT `cost_settings_farm_fk` FOREIGN KEY (`farm_id`) REFERENCES `farms` (`id`) ON DELETE CASCADE
) ENGINE=InnoDB DEFAULT CHARSET=utf8mb4;

-- Crop Definitions
CREATE TABLE IF NOT EXISTS `crop_definitions` (
  `id` int NOT NULL AUTO_INCREMENT,
  `name` varchar(255) NOT NULL,
  `category` varchar(255) NOT NULL,
  `varieties` json DEFAULT NULL,
  `icon` varchar(255) DEFAULT '🌱',
  `color` varchar(255) DEFAULT '#4caf50',
  `is_active` tinyint(1) DEFAULT '1',
  `created_at` datetime NOT NULL,
  `updated_at` datetime NOT NULL,
  PRIMARY KEY (`id`),
  UNIQUE KEY `name` (`name`)
) ENGINE=InnoDB DEFAULT CHARSET=utf8mb4;

-- Documents
CREATE TABLE IF NOT EXISTS `documents` (
  `id` char(36) NOT NULL,
  `farm_id` char(36) NOT NULL,
  `uploaded_by` char(36) NOT NULL,
  `entity_type` varchar(255) DEFAULT NULL,
  `entity_id` char(36) DEFAULT NULL,
  `file_name` varchar(255) NOT NULL,
  `file_type` varchar(255) DEFAULT NULL,
  `file_size` int DEFAULT NULL,
  `file_url` text NOT NULL,
  `document_type` varchar(255) DEFAULT NULL,
  `description` text DEFAULT NULL,
  `tags` json DEFAULT NULL,
  `created_at` datetime NOT NULL,
  `updated_at` datetime NOT NULL,
  PRIMARY KEY (`id`),
  CONSTRAINT `docs_farm_fk` FOREIGN KEY (`farm_id`) REFERENCES `farms` (`id`) ON DELETE CASCADE
) ENGINE=InnoDB DEFAULT CHARSET=utf8mb4;

-- Farm Users
CREATE TABLE IF NOT EXISTS `farm_users` (
  `id` char(36) NOT NULL,
  `farm_id` char(36) NOT NULL,
  `user_id` char(36) NOT NULL,
  `role` varchar(255) NOT NULL DEFAULT 'employee',
  `permissions` json DEFAULT NULL,
  `invited_by` char(36) DEFAULT NULL,
  `invitation_status` varchar(255) DEFAULT 'pending',
  `joined_at` datetime DEFAULT NULL,
  `created_at` datetime NOT NULL,
  `updated_at` datetime NOT NULL,
  PRIMARY KEY (`id`),
  UNIQUE KEY `farm_user_unique` (`farm_id`,`user_id`),
  CONSTRAINT `fu_farm_fk` FOREIGN KEY (`farm_id`) REFERENCES `farms` (`id`) ON DELETE CASCADE,
  CONSTRAINT `fu_user_fk` FOREIGN KEY (`user_id`) REFERENCES `users` (`id`) ON DELETE CASCADE
) ENGINE=InnoDB DEFAULT CHARSET=utf8mb4;

-- Infrastructure Definitions
CREATE TABLE IF NOT EXISTS `infrastructure_definitions` (
  `id` int NOT NULL AUTO_INCREMENT,
  `name` varchar(255) NOT NULL,
  `category` varchar(255) NOT NULL,
  `icon` varchar(255) DEFAULT '🏠',
  `color` varchar(255) DEFAULT '#795548',
  `is_active` tinyint(1) DEFAULT '1',
  `sub_types` json DEFAULT NULL,
  `created_at` datetime NOT NULL,
  `updated_at` datetime NOT NULL,
  PRIMARY KEY (`id`),
  UNIQUE KEY `name` (`name`)
) ENGINE=InnoDB DEFAULT CHARSET=utf8mb4;

-- Weather Data
CREATE TABLE IF NOT EXISTS `weather_data` (
  `id` char(36) NOT NULL,
  `farm_id` char(36) NOT NULL,
  `date` date NOT NULL,
  `temperature_max` decimal(5,2) DEFAULT NULL,
  `temperature_min` decimal(5,2) DEFAULT NULL,
  `temperature_avg` decimal(5,2) DEFAULT NULL,
  `precipitation` decimal(10,2) DEFAULT NULL,
  `humidity` decimal(5,2) DEFAULT NULL,
  `wind_speed` decimal(10,2) DEFAULT NULL,
  `conditions` varchar(255) DEFAULT NULL,
  `source` varchar(255) DEFAULT NULL,
  `created_at` datetime NOT NULL,
  `updated_at` datetime NOT NULL,
  PRIMARY KEY (`id`),
  CONSTRAINT `weather_farm_fk` FOREIGN KEY (`farm_id`) REFERENCES `farms` (`id`) ON DELETE CASCADE
) ENGINE=InnoDB DEFAULT CHARSET=utf8mb4;


SET FOREIGN_KEY_CHECKS = 1;
SET NAMES utf8mb4;
SET FOREIGN_KEY_CHECKS = 0;
SET SQL_MODE = 'NO_AUTO_VALUE_ON_ZERO';

REPLACE INTO `activities` (`id`, `crop_id`, `field_id`, `performed_by`, `activity_type`, `activity_date`, `start_time`, `end_time`, `duration_hours`, `area_covered`, `description`, `weather_conditions`, `temperature`, `equipment_used`, `labor_cost`, `notes`, `created_at`, `updated_at`, `infrastructure_id`, `harvest_id`, `priority`, `work_status`, `transaction_type`, `material_cost`, `equipment_cost`, `service_cost`, `transport_cost`, `other_cost`, `total_cost`, `payment_method`, `num_workers`, `component`, `materials_used`, `next_maintenance`, `issues`, `supplier_name`, `supplier_contact`, `invoice_number`, `warranty`, `farm_id`) VALUES ('be4051d4-38cc-407a-90cc-81d08bc2df30', NULL, NULL, '78b88453-8b3e-4a29-a180-b1c5aa5b7483', 'infra_farm_house', '2026-01-29', NULL, NULL, '0.00', NULL, 'Advance labor payment for farm house contruction', '', NULL, NULL, '20304.00', '', '2026-02-04 15:43:40.087', '2026-02-04 15:43:40.087', NULL, NULL, 'medium', 'completed', 'expense', '0.00', '0.00', '0.00', '0.00', '0.00', '20304.00', 'mobile_money', '1', '', '', NULL, '', '', '', '', 'none', 'e9e9a3e6-c43b-467e-b96c-c43d9309e0ed');
REPLACE INTO `activities` (`id`, `crop_id`, `field_id`, `performed_by`, `activity_type`, `activity_date`, `start_time`, `end_time`, `duration_hours`, `area_covered`, `description`, `weather_conditions`, `temperature`, `equipment_used`, `labor_cost`, `notes`, `created_at`, `updated_at`, `infrastructure_id`, `harvest_id`, `priority`, `work_status`, `transaction_type`, `material_cost`, `equipment_cost`, `service_cost`, `transport_cost`, `other_cost`, `total_cost`, `payment_method`, `num_workers`, `component`, `materials_used`, `next_maintenance`, `issues`, `supplier_name`, `supplier_contact`, `invoice_number`, `warranty`, `farm_id`) VALUES ('772a62a3-2bd9-483c-bd51-a5deda2c3c24', NULL, NULL, '78b88453-8b3e-4a29-a180-b1c5aa5b7483', 'infra_farm_house', '2026-01-31', NULL, NULL, '0.00', NULL, 'Advance Payment of Labor for farm house contruction. Pending 5000', '', NULL, NULL, '41000.00', '', '2026-02-04 15:46:46.698', '2026-02-04 15:46:46.698', NULL, NULL, 'medium', 'completed', 'expense', '0.00', '0.00', '0.00', '0.00', '0.00', '41000.00', 'mobile_money', '1', '', '', NULL, '', '', '', '', 'none', 'e9e9a3e6-c43b-467e-b96c-c43d9309e0ed');
REPLACE INTO `activities` (`id`, `crop_id`, `field_id`, `performed_by`, `activity_type`, `activity_date`, `start_time`, `end_time`, `duration_hours`, `area_covered`, `description`, `weather_conditions`, `temperature`, `equipment_used`, `labor_cost`, `notes`, `created_at`, `updated_at`, `infrastructure_id`, `harvest_id`, `priority`, `work_status`, `transaction_type`, `material_cost`, `equipment_cost`, `service_cost`, `transport_cost`, `other_cost`, `total_cost`, `payment_method`, `num_workers`, `component`, `materials_used`, `next_maintenance`, `issues`, `supplier_name`, `supplier_contact`, `invoice_number`, `warranty`, `farm_id`) VALUES ('437c7f26-74d7-4478-bf96-59ab5ef22580', NULL, NULL, '78b88453-8b3e-4a29-a180-b1c5aa5b7483', 'infra_farm_house', '2026-01-30', NULL, NULL, '0.00', NULL, 'Additional Metal Sheet for Roofing', '', NULL, NULL, '31469.00', '', '2026-02-04 15:44:52.604', '2026-02-04 15:47:02.238', NULL, NULL, 'medium', 'completed', 'expense', '0.00', '0.00', '0.00', '0.00', '0.00', '31469.00', 'mobile_money', '1', '', '', NULL, '', '', '', '', 'none', 'e9e9a3e6-c43b-467e-b96c-c43d9309e0ed');
REPLACE INTO `activities` (`id`, `crop_id`, `field_id`, `performed_by`, `activity_type`, `activity_date`, `start_time`, `end_time`, `duration_hours`, `area_covered`, `description`, `weather_conditions`, `temperature`, `equipment_used`, `labor_cost`, `notes`, `created_at`, `updated_at`, `infrastructure_id`, `harvest_id`, `priority`, `work_status`, `transaction_type`, `material_cost`, `equipment_cost`, `service_cost`, `transport_cost`, `other_cost`, `total_cost`, `payment_method`, `num_workers`, `component`, `materials_used`, `next_maintenance`, `issues`, `supplier_name`, `supplier_contact`, `invoice_number`, `warranty`, `farm_id`) VALUES ('953c4060-83a7-40a8-aca9-0389bcf4d623', NULL, NULL, '78b88453-8b3e-4a29-a180-b1c5aa5b7483', 'infra_farm_house', '2026-02-02', NULL, NULL, '0.00', NULL, 'Payment for Wood Farm House construction. Pending 20,000', '', NULL, NULL, '0.00', '', '2026-02-04 15:49:12.409', '2026-02-04 15:49:12.409', NULL, NULL, 'medium', 'completed', 'expense', '20000.00', '0.00', '0.00', '0.00', '0.00', '20000.00', 'cash', '1', '', '', NULL, '', '', '', '', 'none', 'e9e9a3e6-c43b-467e-b96c-c43d9309e0ed');
REPLACE INTO `activities` (`id`, `crop_id`, `field_id`, `performed_by`, `activity_type`, `activity_date`, `start_time`, `end_time`, `duration_hours`, `area_covered`, `description`, `weather_conditions`, `temperature`, `equipment_used`, `labor_cost`, `notes`, `created_at`, `updated_at`, `infrastructure_id`, `harvest_id`, `priority`, `work_status`, `transaction_type`, `material_cost`, `equipment_cost`, `service_cost`, `transport_cost`, `other_cost`, `total_cost`, `payment_method`, `num_workers`, `component`, `materials_used`, `next_maintenance`, `issues`, `supplier_name`, `supplier_contact`, `invoice_number`, `warranty`, `farm_id`) VALUES ('0d5d026d-3070-45d0-950c-34c50090764d', NULL, NULL, '78b88453-8b3e-4a29-a180-b1c5aa5b7483', 'infra_farm_house', '2026-02-02', NULL, NULL, '0.00', NULL, 'Complete Payment of labor for Farm house construction', '', NULL, NULL, '5000.00', '', '2026-02-04 15:50:16.666', '2026-02-04 15:50:16.666', NULL, NULL, 'medium', 'completed', 'expense', '0.00', '0.00', '0.00', '0.00', '0.00', '5000.00', 'cash', '1', '', '', NULL, '', '', '', '', 'none', 'e9e9a3e6-c43b-467e-b96c-c43d9309e0ed');
REPLACE INTO `activities` (`id`, `crop_id`, `field_id`, `performed_by`, `activity_type`, `activity_date`, `start_time`, `end_time`, `duration_hours`, `area_covered`, `description`, `weather_conditions`, `temperature`, `equipment_used`, `labor_cost`, `notes`, `created_at`, `updated_at`, `infrastructure_id`, `harvest_id`, `priority`, `work_status`, `transaction_type`, `material_cost`, `equipment_cost`, `service_cost`, `transport_cost`, `other_cost`, `total_cost`, `payment_method`, `num_workers`, `component`, `materials_used`, `next_maintenance`, `issues`, `supplier_name`, `supplier_contact`, `invoice_number`, `warranty`, `farm_id`) VALUES ('bdfe7f5b-f0ea-4a67-8d0a-ae64e6c0dbf4', NULL, 'e4dca5e0-f24f-408d-928c-c9468ca84121', '78b88453-8b3e-4a29-a180-b1c5aa5b7483', 'asset_acquisition', '2026-02-02', NULL, NULL, NULL, NULL, 'Acquisition of Storage Containers (Water Storage containers)', NULL, NULL, NULL, '0.00', '', '2026-02-04 17:43:08.699', '2026-02-04 17:43:08.699', 'e5688c12-2d7f-4a7c-8af1-2a86d08115d2', NULL, NULL, 'completed', 'expense', '0.00', '0.00', '0.00', '0.00', '4500.00', '4500.00', NULL, '0', NULL, NULL, NULL, NULL, NULL, NULL, NULL, NULL, 'e9e9a3e6-c43b-467e-b96c-c43d9309e0ed');
REPLACE INTO `activities` (`id`, `crop_id`, `field_id`, `performed_by`, `activity_type`, `activity_date`, `start_time`, `end_time`, `duration_hours`, `area_covered`, `description`, `weather_conditions`, `temperature`, `equipment_used`, `labor_cost`, `notes`, `created_at`, `updated_at`, `infrastructure_id`, `harvest_id`, `priority`, `work_status`, `transaction_type`, `material_cost`, `equipment_cost`, `service_cost`, `transport_cost`, `other_cost`, `total_cost`, `payment_method`, `num_workers`, `component`, `materials_used`, `next_maintenance`, `issues`, `supplier_name`, `supplier_contact`, `invoice_number`, `warranty`, `farm_id`) VALUES ('98758d4b-39a0-4124-bd4f-1e3b6b443084', 'ffba8bf4-917c-499d-b6a1-149ff50909af', '6c7809f5-42ca-4f46-8a31-2d3e4ca9db82', '78b88453-8b3e-4a29-a180-b1c5aa5b7483', 'harvesting', '2025-03-28', NULL, NULL, NULL, NULL, 'Harvest Log: 50 kg collected.', NULL, NULL, NULL, NULL, NULL, '2026-02-04 20:09:14.289', '2026-02-04 20:23:51.213', NULL, '1a05d24a-ea59-445b-8a49-a8060a62270d', NULL, NULL, 'income', NULL, NULL, NULL, NULL, NULL, '100000.00', NULL, NULL, NULL, NULL, NULL, NULL, NULL, NULL, NULL, NULL, 'e9e9a3e6-c43b-467e-b96c-c43d9309e0ed');
REPLACE INTO `activities` (`id`, `crop_id`, `field_id`, `performed_by`, `activity_type`, `activity_date`, `start_time`, `end_time`, `duration_hours`, `area_covered`, `description`, `weather_conditions`, `temperature`, `equipment_used`, `labor_cost`, `notes`, `created_at`, `updated_at`, `infrastructure_id`, `harvest_id`, `priority`, `work_status`, `transaction_type`, `material_cost`, `equipment_cost`, `service_cost`, `transport_cost`, `other_cost`, `total_cost`, `payment_method`, `num_workers`, `component`, `materials_used`, `next_maintenance`, `issues`, `supplier_name`, `supplier_contact`, `invoice_number`, `warranty`, `farm_id`) VALUES ('f39f896d-c4cd-4b68-b19c-2636159cc2c2', 'f35f9310-6760-451e-9ade-d1ffc92b033f', '6c7809f5-42ca-4f46-8a31-2d3e4ca9db82', '78b88453-8b3e-4a29-a180-b1c5aa5b7483', 'harvesting', '2026-02-04', NULL, NULL, NULL, NULL, 'Harvest Log: 72 kg collected.', NULL, NULL, NULL, NULL, NULL, '2026-02-04 20:12:19.954', '2026-02-04 20:53:27.303', NULL, '8daa53d1-aad2-4ecf-8abc-0e9f1d5bdbf1', NULL, NULL, 'income', NULL, NULL, NULL, NULL, NULL, '25200.00', NULL, '0', NULL, NULL, NULL, NULL, NULL, NULL, NULL, NULL, 'e9e9a3e6-c43b-467e-b96c-c43d9309e0ed');
REPLACE INTO `activities` (`id`, `crop_id`, `field_id`, `performed_by`, `activity_type`, `activity_date`, `start_time`, `end_time`, `duration_hours`, `area_covered`, `description`, `weather_conditions`, `temperature`, `equipment_used`, `labor_cost`, `notes`, `created_at`, `updated_at`, `infrastructure_id`, `harvest_id`, `priority`, `work_status`, `transaction_type`, `material_cost`, `equipment_cost`, `service_cost`, `transport_cost`, `other_cost`, `total_cost`, `payment_method`, `num_workers`, `component`, `materials_used`, `next_maintenance`, `issues`, `supplier_name`, `supplier_contact`, `invoice_number`, `warranty`, `farm_id`) VALUES ('333707cb-875e-4fdc-9fba-30104241c296', '999a3ba3-b89b-40ed-b07e-b3daea55bd81', '6c7809f5-42ca-4f46-8a31-2d3e4ca9db82', '78b88453-8b3e-4a29-a180-b1c5aa5b7483', 'harvesting', '2026-01-15', NULL, NULL, NULL, NULL, 'Harvest Log: 50 kg collected.', NULL, NULL, NULL, NULL, NULL, '2026-02-04 20:15:21.485', '2026-02-04 20:53:50.473', NULL, '1fbfffbe-d613-4cb3-8d47-0e0bea9455b0', NULL, NULL, 'income', NULL, NULL, NULL, NULL, NULL, '15000.00', NULL, '0', NULL, NULL, NULL, NULL, NULL, NULL, NULL, NULL, 'e9e9a3e6-c43b-467e-b96c-c43d9309e0ed');
REPLACE INTO `activities` (`id`, `crop_id`, `field_id`, `performed_by`, `activity_type`, `activity_date`, `start_time`, `end_time`, `duration_hours`, `area_covered`, `description`, `weather_conditions`, `temperature`, `equipment_used`, `labor_cost`, `notes`, `created_at`, `updated_at`, `infrastructure_id`, `harvest_id`, `priority`, `work_status`, `transaction_type`, `material_cost`, `equipment_cost`, `service_cost`, `transport_cost`, `other_cost`, `total_cost`, `payment_method`, `num_workers`, `component`, `materials_used`, `next_maintenance`, `issues`, `supplier_name`, `supplier_contact`, `invoice_number`, `warranty`, `farm_id`) VALUES ('775f5143-4f90-4fea-bbfb-702a336d8209', '84215a02-dadb-4903-9fc9-791ff6f6344a', '6c7809f5-42ca-4f46-8a31-2d3e4ca9db82', '78b88453-8b3e-4a29-a180-b1c5aa5b7483', 'harvesting', '2026-01-22', NULL, NULL, NULL, NULL, 'Harvest Log: 30.00 kg collected.', NULL, NULL, NULL, NULL, NULL, '2026-02-04 20:21:39.978', '2026-02-04 20:54:14.173', NULL, 'ad277830-1fc7-4994-926a-bff33b81db7f', NULL, NULL, 'income', NULL, NULL, NULL, NULL, NULL, '34500.00', NULL, '0', NULL, NULL, NULL, NULL, NULL, NULL, NULL, NULL, 'e9e9a3e6-c43b-467e-b96c-c43d9309e0ed');
REPLACE INTO `activities` (`id`, `crop_id`, `field_id`, `performed_by`, `activity_type`, `activity_date`, `start_time`, `end_time`, `duration_hours`, `area_covered`, `description`, `weather_conditions`, `temperature`, `equipment_used`, `labor_cost`, `notes`, `created_at`, `updated_at`, `infrastructure_id`, `harvest_id`, `priority`, `work_status`, `transaction_type`, `material_cost`, `equipment_cost`, `service_cost`, `transport_cost`, `other_cost`, `total_cost`, `payment_method`, `num_workers`, `component`, `materials_used`, `next_maintenance`, `issues`, `supplier_name`, `supplier_contact`, `invoice_number`, `warranty`, `farm_id`) VALUES ('e8d60453-ce3b-44f1-b0ad-f5a798bfa4f4', NULL, 'e4dca5e0-f24f-408d-928c-c9468ca84121', '78b88453-8b3e-4a29-a180-b1c5aa5b7483', 'farm_house', '2026-01-24', NULL, NULL, NULL, NULL, 'Roofing Materials for farm house', NULL, NULL, NULL, NULL, NULL, '2026-02-04 05:18:56.294', '2026-02-04 05:43:34.357', NULL, NULL, NULL, 'completed', 'expense', NULL, NULL, NULL, NULL, NULL, '5485.00', NULL, '0', NULL, NULL, NULL, NULL, NULL, NULL, NULL, NULL, 'e9e9a3e6-c43b-467e-b96c-c43d9309e0ed');
REPLACE INTO `activities` (`id`, `crop_id`, `field_id`, `performed_by`, `activity_type`, `activity_date`, `start_time`, `end_time`, `duration_hours`, `area_covered`, `description`, `weather_conditions`, `temperature`, `equipment_used`, `labor_cost`, `notes`, `created_at`, `updated_at`, `infrastructure_id`, `harvest_id`, `priority`, `work_status`, `transaction_type`, `material_cost`, `equipment_cost`, `service_cost`, `transport_cost`, `other_cost`, `total_cost`, `payment_method`, `num_workers`, `component`, `materials_used`, `next_maintenance`, `issues`, `supplier_name`, `supplier_contact`, `invoice_number`, `warranty`, `farm_id`) VALUES ('b34f384d-4e4e-4062-a05e-4bb9628200a8', NULL, 'e4dca5e0-f24f-408d-928c-c9468ca84121', '78b88453-8b3e-4a29-a180-b1c5aa5b7483', 'farm_house', '2026-01-23', NULL, NULL, NULL, NULL, 'Roofing Material for farm house', NULL, NULL, NULL, NULL, NULL, '2026-02-04 05:18:56.294', '2026-02-04 05:46:17.066', NULL, NULL, NULL, 'completed', 'expense', NULL, NULL, NULL, NULL, NULL, '133375.00', NULL, '0', NULL, NULL, NULL, NULL, NULL, NULL, NULL, NULL, 'e9e9a3e6-c43b-467e-b96c-c43d9309e0ed');
REPLACE INTO `activities` (`id`, `crop_id`, `field_id`, `performed_by`, `activity_type`, `activity_date`, `start_time`, `end_time`, `duration_hours`, `area_covered`, `description`, `weather_conditions`, `temperature`, `equipment_used`, `labor_cost`, `notes`, `created_at`, `updated_at`, `infrastructure_id`, `harvest_id`, `priority`, `work_status`, `transaction_type`, `material_cost`, `equipment_cost`, `service_cost`, `transport_cost`, `other_cost`, `total_cost`, `payment_method`, `num_workers`, `component`, `materials_used`, `next_maintenance`, `issues`, `supplier_name`, `supplier_contact`, `invoice_number`, `warranty`, `farm_id`) VALUES ('c6796485-adbc-420e-a294-ddfebc64553a', NULL, 'e4dca5e0-f24f-408d-928c-c9468ca84121', '78b88453-8b3e-4a29-a180-b1c5aa5b7483', 'farm_house', '2026-01-22', NULL, NULL, NULL, NULL, 'Airtime for Naptary', NULL, NULL, NULL, NULL, NULL, '2026-02-04 05:18:56.294', '2026-02-04 05:46:31.141', NULL, NULL, NULL, 'completed', 'expense', NULL, NULL, NULL, NULL, NULL, '554.00', NULL, '0', NULL, NULL, NULL, NULL, NULL, NULL, NULL, NULL, 'e9e9a3e6-c43b-467e-b96c-c43d9309e0ed');
REPLACE INTO `activities` (`id`, `crop_id`, `field_id`, `performed_by`, `activity_type`, `activity_date`, `start_time`, `end_time`, `duration_hours`, `area_covered`, `description`, `weather_conditions`, `temperature`, `equipment_used`, `labor_cost`, `notes`, `created_at`, `updated_at`, `infrastructure_id`, `harvest_id`, `priority`, `work_status`, `transaction_type`, `material_cost`, `equipment_cost`, `service_cost`, `transport_cost`, `other_cost`, `total_cost`, `payment_method`, `num_workers`, `component`, `materials_used`, `next_maintenance`, `issues`, `supplier_name`, `supplier_contact`, `invoice_number`, `warranty`, `farm_id`) VALUES ('5f1cff6d-ae6a-4afd-9f48-ee062070d0d1', NULL, 'e4dca5e0-f24f-408d-928c-c9468ca84121', '78b88453-8b3e-4a29-a180-b1c5aa5b7483', 'farm_house', '2026-01-21', NULL, NULL, NULL, NULL, 'A sheep (60k) and 20k in cash for the villager', NULL, NULL, NULL, NULL, NULL, '2026-02-04 05:18:56.294', '2026-02-04 05:46:48.363', NULL, NULL, NULL, 'completed', 'expense', NULL, NULL, NULL, NULL, NULL, '80000.00', NULL, '0', NULL, NULL, NULL, NULL, NULL, NULL, NULL, NULL, 'e9e9a3e6-c43b-467e-b96c-c43d9309e0ed');
REPLACE INTO `activities` (`id`, `crop_id`, `field_id`, `performed_by`, `activity_type`, `activity_date`, `start_time`, `end_time`, `duration_hours`, `area_covered`, `description`, `weather_conditions`, `temperature`, `equipment_used`, `labor_cost`, `notes`, `created_at`, `updated_at`, `infrastructure_id`, `harvest_id`, `priority`, `work_status`, `transaction_type`, `material_cost`, `equipment_cost`, `service_cost`, `transport_cost`, `other_cost`, `total_cost`, `payment_method`, `num_workers`, `component`, `materials_used`, `next_maintenance`, `issues`, `supplier_name`, `supplier_contact`, `invoice_number`, `warranty`, `farm_id`) VALUES ('91d58c6c-e613-47e9-9490-9c7eb43bdd0b', NULL, 'e4dca5e0-f24f-408d-928c-c9468ca84121', '78b88453-8b3e-4a29-a180-b1c5aa5b7483', 'farm_house', '2026-01-16', NULL, NULL, NULL, NULL, 'Purchase of wood for farm house', NULL, NULL, NULL, NULL, NULL, '2026-02-04 05:18:56.294', '2026-02-04 05:47:08.991', NULL, NULL, NULL, 'completed', 'expense', NULL, NULL, NULL, NULL, NULL, '41000.00', NULL, '0', NULL, NULL, NULL, NULL, NULL, NULL, NULL, NULL, 'e9e9a3e6-c43b-467e-b96c-c43d9309e0ed');
REPLACE INTO `activities` (`id`, `crop_id`, `field_id`, `performed_by`, `activity_type`, `activity_date`, `start_time`, `end_time`, `duration_hours`, `area_covered`, `description`, `weather_conditions`, `temperature`, `equipment_used`, `labor_cost`, `notes`, `created_at`, `updated_at`, `infrastructure_id`, `harvest_id`, `priority`, `work_status`, `transaction_type`, `material_cost`, `equipment_cost`, `service_cost`, `transport_cost`, `other_cost`, `total_cost`, `payment_method`, `num_workers`, `component`, `materials_used`, `next_maintenance`, `issues`, `supplier_name`, `supplier_contact`, `invoice_number`, `warranty`, `farm_id`) VALUES ('1e25f84e-e074-4ea2-a36d-b721f219be3c', NULL, 'e4dca5e0-f24f-408d-928c-c9468ca84121', '78b88453-8b3e-4a29-a180-b1c5aa5b7483', 'farm_house', '2026-01-02', NULL, NULL, NULL, NULL, 'Advance Payment for Bricks for Farm house', NULL, NULL, NULL, NULL, NULL, '2026-02-04 05:18:56.294', '2026-02-04 05:47:23.472', NULL, NULL, NULL, 'completed', 'expense', NULL, NULL, NULL, NULL, NULL, '101504.00', NULL, '0', NULL, NULL, NULL, NULL, NULL, NULL, NULL, NULL, 'e9e9a3e6-c43b-467e-b96c-c43d9309e0ed');
REPLACE INTO `activities` (`id`, `crop_id`, `field_id`, `performed_by`, `activity_type`, `activity_date`, `start_time`, `end_time`, `duration_hours`, `area_covered`, `description`, `weather_conditions`, `temperature`, `equipment_used`, `labor_cost`, `notes`, `created_at`, `updated_at`, `infrastructure_id`, `harvest_id`, `priority`, `work_status`, `transaction_type`, `material_cost`, `equipment_cost`, `service_cost`, `transport_cost`, `other_cost`, `total_cost`, `payment_method`, `num_workers`, `component`, `materials_used`, `next_maintenance`, `issues`, `supplier_name`, `supplier_contact`, `invoice_number`, `warranty`, `farm_id`) VALUES ('eaa4a96a-9403-42d6-9f8d-dff40de21902', NULL, 'e4dca5e0-f24f-408d-928c-c9468ca84121', '78b88453-8b3e-4a29-a180-b1c5aa5b7483', 'planting', '2025-12-25', NULL, NULL, NULL, NULL, 'Gift to Naptary', NULL, NULL, NULL, NULL, NULL, '2026-02-04 05:18:56.294', '2026-02-04 05:47:49.713', NULL, NULL, NULL, 'completed', 'expense', NULL, NULL, NULL, NULL, NULL, '21319.00', NULL, '0', NULL, NULL, NULL, NULL, NULL, NULL, NULL, NULL, 'e9e9a3e6-c43b-467e-b96c-c43d9309e0ed');
REPLACE INTO `activities` (`id`, `crop_id`, `field_id`, `performed_by`, `activity_type`, `activity_date`, `start_time`, `end_time`, `duration_hours`, `area_covered`, `description`, `weather_conditions`, `temperature`, `equipment_used`, `labor_cost`, `notes`, `created_at`, `updated_at`, `infrastructure_id`, `harvest_id`, `priority`, `work_status`, `transaction_type`, `material_cost`, `equipment_cost`, `service_cost`, `transport_cost`, `other_cost`, `total_cost`, `payment_method`, `num_workers`, `component`, `materials_used`, `next_maintenance`, `issues`, `supplier_name`, `supplier_contact`, `invoice_number`, `warranty`, `farm_id`) VALUES ('0504d948-46f4-48d8-9696-09c09f3110ea', NULL, 'e4dca5e0-f24f-408d-928c-c9468ca84121', '78b88453-8b3e-4a29-a180-b1c5aa5b7483', 'planting', '2025-12-13', NULL, NULL, NULL, NULL, 'Gift to Melanie', NULL, NULL, NULL, NULL, NULL, '2026-02-04 05:18:56.294', '2026-02-04 05:48:04.865', NULL, NULL, NULL, 'completed', 'expense', NULL, NULL, NULL, NULL, NULL, '10000.00', NULL, '0', NULL, NULL, NULL, NULL, NULL, NULL, NULL, NULL, 'e9e9a3e6-c43b-467e-b96c-c43d9309e0ed');
REPLACE INTO `activities` (`id`, `crop_id`, `field_id`, `performed_by`, `activity_type`, `activity_date`, `start_time`, `end_time`, `duration_hours`, `area_covered`, `description`, `weather_conditions`, `temperature`, `equipment_used`, `labor_cost`, `notes`, `created_at`, `updated_at`, `infrastructure_id`, `harvest_id`, `priority`, `work_status`, `transaction_type`, `material_cost`, `equipment_cost`, `service_cost`, `transport_cost`, `other_cost`, `total_cost`, `payment_method`, `num_workers`, `component`, `materials_used`, `next_maintenance`, `issues`, `supplier_name`, `supplier_contact`, `invoice_number`, `warranty`, `farm_id`) VALUES ('755c5a1c-214b-42ba-908c-65774f07f336', NULL, '6c7809f5-42ca-4f46-8a31-2d3e4ca9db82', '78b88453-8b3e-4a29-a180-b1c5aa5b7483', 'farm_house', '2024-12-28', NULL, NULL, NULL, NULL, 'Fuel for the villager', NULL, NULL, NULL, NULL, NULL, '2026-02-04 05:18:56.294', '2026-02-04 05:53:48.679', NULL, NULL, NULL, 'completed', 'expense', NULL, NULL, NULL, NULL, NULL, '50000.00', NULL, NULL, NULL, NULL, NULL, NULL, NULL, NULL, NULL, NULL, 'e9e9a3e6-c43b-467e-b96c-c43d9309e0ed');
REPLACE INTO `activities` (`id`, `crop_id`, `field_id`, `performed_by`, `activity_type`, `activity_date`, `start_time`, `end_time`, `duration_hours`, `area_covered`, `description`, `weather_conditions`, `temperature`, `equipment_used`, `labor_cost`, `notes`, `created_at`, `updated_at`, `infrastructure_id`, `harvest_id`, `priority`, `work_status`, `transaction_type`, `material_cost`, `equipment_cost`, `service_cost`, `transport_cost`, `other_cost`, `total_cost`, `payment_method`, `num_workers`, `component`, `materials_used`, `next_maintenance`, `issues`, `supplier_name`, `supplier_contact`, `invoice_number`, `warranty`, `farm_id`) VALUES ('932ed0e8-ca4f-41aa-aa25-934879684300', NULL, '6c7809f5-42ca-4f46-8a31-2d3e4ca9db82', '78b88453-8b3e-4a29-a180-b1c5aa5b7483', 'farm_house', '2024-12-26', NULL, NULL, NULL, NULL, 'Cash given to villagers', NULL, NULL, NULL, NULL, NULL, '2026-02-04 05:18:56.294', '2026-02-04 05:53:48.679', NULL, NULL, NULL, 'completed', 'expense', NULL, NULL, NULL, NULL, NULL, '250000.00', NULL, NULL, NULL, NULL, NULL, NULL, NULL, NULL, NULL, NULL, 'e9e9a3e6-c43b-467e-b96c-c43d9309e0ed');
REPLACE INTO `activities` (`id`, `crop_id`, `field_id`, `performed_by`, `activity_type`, `activity_date`, `start_time`, `end_time`, `duration_hours`, `area_covered`, `description`, `weather_conditions`, `temperature`, `equipment_used`, `labor_cost`, `notes`, `created_at`, `updated_at`, `infrastructure_id`, `harvest_id`, `priority`, `work_status`, `transaction_type`, `material_cost`, `equipment_cost`, `service_cost`, `transport_cost`, `other_cost`, `total_cost`, `payment_method`, `num_workers`, `component`, `materials_used`, `next_maintenance`, `issues`, `supplier_name`, `supplier_contact`, `invoice_number`, `warranty`, `farm_id`) VALUES ('e937d5fb-3747-4441-908c-a48a53c10ac6', NULL, '6c7809f5-42ca-4f46-8a31-2d3e4ca9db82', '78b88453-8b3e-4a29-a180-b1c5aa5b7483', 'planting', '2025-04-15', NULL, NULL, NULL, NULL, 'MOMO Import', NULL, NULL, NULL, NULL, NULL, '2026-02-04 05:18:56.294', '2026-02-04 05:57:57.918', NULL, NULL, NULL, 'completed', 'expense', NULL, NULL, NULL, NULL, NULL, '20000.00', NULL, '0', NULL, NULL, NULL, NULL, NULL, NULL, NULL, NULL, 'e9e9a3e6-c43b-467e-b96c-c43d9309e0ed');
REPLACE INTO `activities` (`id`, `crop_id`, `field_id`, `performed_by`, `activity_type`, `activity_date`, `start_time`, `end_time`, `duration_hours`, `area_covered`, `description`, `weather_conditions`, `temperature`, `equipment_used`, `labor_cost`, `notes`, `created_at`, `updated_at`, `infrastructure_id`, `harvest_id`, `priority`, `work_status`, `transaction_type`, `material_cost`, `equipment_cost`, `service_cost`, `transport_cost`, `other_cost`, `total_cost`, `payment_method`, `num_workers`, `component`, `materials_used`, `next_maintenance`, `issues`, `supplier_name`, `supplier_contact`, `invoice_number`, `warranty`, `farm_id`) VALUES ('75073236-acc1-4e5e-b558-013e672f3c28', NULL, '6c7809f5-42ca-4f46-8a31-2d3e4ca9db82', '78b88453-8b3e-4a29-a180-b1c5aa5b7483', 'planting', '2025-07-19', NULL, NULL, NULL, NULL, 'Labor for Ginger', NULL, NULL, NULL, NULL, NULL, '2026-02-04 05:18:56.294', '2026-02-04 05:58:35.482', NULL, NULL, NULL, 'completed', 'expense', NULL, NULL, NULL, NULL, NULL, '10200.00', NULL, '0', NULL, NULL, NULL, NULL, NULL, NULL, NULL, NULL, 'e9e9a3e6-c43b-467e-b96c-c43d9309e0ed');
REPLACE INTO `activities` (`id`, `crop_id`, `field_id`, `performed_by`, `activity_type`, `activity_date`, `start_time`, `end_time`, `duration_hours`, `area_covered`, `description`, `weather_conditions`, `temperature`, `equipment_used`, `labor_cost`, `notes`, `created_at`, `updated_at`, `infrastructure_id`, `harvest_id`, `priority`, `work_status`, `transaction_type`, `material_cost`, `equipment_cost`, `service_cost`, `transport_cost`, `other_cost`, `total_cost`, `payment_method`, `num_workers`, `component`, `materials_used`, `next_maintenance`, `issues`, `supplier_name`, `supplier_contact`, `invoice_number`, `warranty`, `farm_id`) VALUES ('e3cf7c12-0f36-4a16-904e-51ebbefa70b1', NULL, 'e4dca5e0-f24f-408d-928c-c9468ca84121', '78b88453-8b3e-4a29-a180-b1c5aa5b7483', 'planting', '2025-12-12', NULL, NULL, NULL, NULL, 'MOMO Import', NULL, NULL, NULL, NULL, NULL, '2026-02-04 05:18:56.294', '2026-02-04 05:59:11.923', NULL, NULL, NULL, 'completed', 'expense', NULL, NULL, NULL, NULL, NULL, '10000.00', NULL, '0', NULL, NULL, NULL, NULL, NULL, NULL, NULL, NULL, 'e9e9a3e6-c43b-467e-b96c-c43d9309e0ed');
REPLACE INTO `activities` (`id`, `crop_id`, `field_id`, `performed_by`, `activity_type`, `activity_date`, `start_time`, `end_time`, `duration_hours`, `area_covered`, `description`, `weather_conditions`, `temperature`, `equipment_used`, `labor_cost`, `notes`, `created_at`, `updated_at`, `infrastructure_id`, `harvest_id`, `priority`, `work_status`, `transaction_type`, `material_cost`, `equipment_cost`, `service_cost`, `transport_cost`, `other_cost`, `total_cost`, `payment_method`, `num_workers`, `component`, `materials_used`, `next_maintenance`, `issues`, `supplier_name`, `supplier_contact`, `invoice_number`, `warranty`, `farm_id`) VALUES ('162923bc-406b-4b7a-8660-795743a8e812', NULL, '6c7809f5-42ca-4f46-8a31-2d3e4ca9db82', '78b88453-8b3e-4a29-a180-b1c5aa5b7483', 'planting', '2025-07-26', NULL, NULL, NULL, NULL, 'Ginger', NULL, NULL, NULL, NULL, NULL, '2026-02-04 05:18:56.294', '2026-02-04 06:00:16.395', NULL, NULL, NULL, 'completed', 'expense', NULL, NULL, NULL, NULL, NULL, '14000.00', NULL, '0', NULL, NULL, NULL, NULL, NULL, NULL, NULL, NULL, 'e9e9a3e6-c43b-467e-b96c-c43d9309e0ed');
REPLACE INTO `activities` (`id`, `crop_id`, `field_id`, `performed_by`, `activity_type`, `activity_date`, `start_time`, `end_time`, `duration_hours`, `area_covered`, `description`, `weather_conditions`, `temperature`, `equipment_used`, `labor_cost`, `notes`, `created_at`, `updated_at`, `infrastructure_id`, `harvest_id`, `priority`, `work_status`, `transaction_type`, `material_cost`, `equipment_cost`, `service_cost`, `transport_cost`, `other_cost`, `total_cost`, `payment_method`, `num_workers`, `component`, `materials_used`, `next_maintenance`, `issues`, `supplier_name`, `supplier_contact`, `invoice_number`, `warranty`, `farm_id`) VALUES ('b57abdd7-5397-4367-821d-e5c70abf2786', NULL, 'e4dca5e0-f24f-408d-928c-c9468ca84121', '78b88453-8b3e-4a29-a180-b1c5aa5b7483', 'planting', '2025-09-01', NULL, NULL, NULL, NULL, 'Coconut(50),Avocadro(50),Mandarine(50)', NULL, NULL, NULL, NULL, NULL, '2026-02-04 05:18:56.294', '2026-02-04 06:01:02.396', NULL, NULL, NULL, 'completed', 'expense', NULL, NULL, NULL, NULL, NULL, '36000.00', NULL, '0', NULL, NULL, NULL, NULL, NULL, NULL, NULL, NULL, 'e9e9a3e6-c43b-467e-b96c-c43d9309e0ed');
REPLACE INTO `activities` (`id`, `crop_id`, `field_id`, `performed_by`, `activity_type`, `activity_date`, `start_time`, `end_time`, `duration_hours`, `area_covered`, `description`, `weather_conditions`, `temperature`, `equipment_used`, `labor_cost`, `notes`, `created_at`, `updated_at`, `infrastructure_id`, `harvest_id`, `priority`, `work_status`, `transaction_type`, `material_cost`, `equipment_cost`, `service_cost`, `transport_cost`, `other_cost`, `total_cost`, `payment_method`, `num_workers`, `component`, `materials_used`, `next_maintenance`, `issues`, `supplier_name`, `supplier_contact`, `invoice_number`, `warranty`, `farm_id`) VALUES ('d779d12a-8b8e-4cc4-8df8-c106602be993', NULL, 'e4dca5e0-f24f-408d-928c-c9468ca84121', '78b88453-8b3e-4a29-a180-b1c5aa5b7483', 'planting', '2025-09-03', NULL, NULL, NULL, NULL, 'Clearing', NULL, NULL, NULL, NULL, NULL, '2026-02-04 05:18:56.294', '2026-02-04 06:01:26.974', NULL, NULL, NULL, 'completed', 'expense', NULL, NULL, NULL, NULL, NULL, '42000.00', NULL, '0', NULL, NULL, NULL, NULL, NULL, NULL, NULL, NULL, 'e9e9a3e6-c43b-467e-b96c-c43d9309e0ed');
REPLACE INTO `activities` (`id`, `crop_id`, `field_id`, `performed_by`, `activity_type`, `activity_date`, `start_time`, `end_time`, `duration_hours`, `area_covered`, `description`, `weather_conditions`, `temperature`, `equipment_used`, `labor_cost`, `notes`, `created_at`, `updated_at`, `infrastructure_id`, `harvest_id`, `priority`, `work_status`, `transaction_type`, `material_cost`, `equipment_cost`, `service_cost`, `transport_cost`, `other_cost`, `total_cost`, `payment_method`, `num_workers`, `component`, `materials_used`, `next_maintenance`, `issues`, `supplier_name`, `supplier_contact`, `invoice_number`, `warranty`, `farm_id`) VALUES ('8948bf13-dd22-4f30-b7fc-cd719083f3df', NULL, 'e4dca5e0-f24f-408d-928c-c9468ca84121', '78b88453-8b3e-4a29-a180-b1c5aa5b7483', 'planting', '2025-12-06', NULL, NULL, NULL, NULL, 'MOMO Import', NULL, NULL, NULL, NULL, NULL, '2026-02-04 05:18:56.294', '2026-02-04 06:02:13.358', NULL, NULL, NULL, 'completed', 'expense', NULL, NULL, NULL, NULL, NULL, '30500.00', NULL, '0', NULL, NULL, NULL, NULL, NULL, NULL, NULL, NULL, 'e9e9a3e6-c43b-467e-b96c-c43d9309e0ed');
REPLACE INTO `activities` (`id`, `crop_id`, `field_id`, `performed_by`, `activity_type`, `activity_date`, `start_time`, `end_time`, `duration_hours`, `area_covered`, `description`, `weather_conditions`, `temperature`, `equipment_used`, `labor_cost`, `notes`, `created_at`, `updated_at`, `infrastructure_id`, `harvest_id`, `priority`, `work_status`, `transaction_type`, `material_cost`, `equipment_cost`, `service_cost`, `transport_cost`, `other_cost`, `total_cost`, `payment_method`, `num_workers`, `component`, `materials_used`, `next_maintenance`, `issues`, `supplier_name`, `supplier_contact`, `invoice_number`, `warranty`, `farm_id`) VALUES ('7d77c264-ef64-4c2a-a17a-37f47e1719bd', NULL, 'e4dca5e0-f24f-408d-928c-c9468ca84121', '78b88453-8b3e-4a29-a180-b1c5aa5b7483', 'pesticides', '2025-11-01', NULL, NULL, NULL, NULL, 'INSECTICIDE', NULL, NULL, NULL, NULL, NULL, '2026-02-04 05:18:56.294', '2026-02-04 09:50:05.12', NULL, NULL, NULL, 'completed', 'expense', NULL, NULL, NULL, NULL, NULL, '26000.00', NULL, '0', NULL, NULL, NULL, NULL, NULL, NULL, NULL, NULL, 'e9e9a3e6-c43b-467e-b96c-c43d9309e0ed');
REPLACE INTO `activities` (`id`, `crop_id`, `field_id`, `performed_by`, `activity_type`, `activity_date`, `start_time`, `end_time`, `duration_hours`, `area_covered`, `description`, `weather_conditions`, `temperature`, `equipment_used`, `labor_cost`, `notes`, `created_at`, `updated_at`, `infrastructure_id`, `harvest_id`, `priority`, `work_status`, `transaction_type`, `material_cost`, `equipment_cost`, `service_cost`, `transport_cost`, `other_cost`, `total_cost`, `payment_method`, `num_workers`, `component`, `materials_used`, `next_maintenance`, `issues`, `supplier_name`, `supplier_contact`, `invoice_number`, `warranty`, `farm_id`) VALUES ('d078ca56-7a15-4564-8587-137e24c69b04', NULL, 'e4dca5e0-f24f-408d-928c-c9468ca84121', '78b88453-8b3e-4a29-a180-b1c5aa5b7483', 'planting', '2025-10-10', NULL, NULL, NULL, NULL, 'MOMO Import', NULL, NULL, NULL, NULL, NULL, '2026-02-04 05:18:56.294', '2026-02-04 09:50:39.718', NULL, NULL, NULL, 'completed', 'expense', NULL, NULL, NULL, NULL, NULL, '26000.00', NULL, '0', NULL, NULL, NULL, NULL, NULL, NULL, NULL, NULL, 'e9e9a3e6-c43b-467e-b96c-c43d9309e0ed');
REPLACE INTO `activities` (`id`, `crop_id`, `field_id`, `performed_by`, `activity_type`, `activity_date`, `start_time`, `end_time`, `duration_hours`, `area_covered`, `description`, `weather_conditions`, `temperature`, `equipment_used`, `labor_cost`, `notes`, `created_at`, `updated_at`, `infrastructure_id`, `harvest_id`, `priority`, `work_status`, `transaction_type`, `material_cost`, `equipment_cost`, `service_cost`, `transport_cost`, `other_cost`, `total_cost`, `payment_method`, `num_workers`, `component`, `materials_used`, `next_maintenance`, `issues`, `supplier_name`, `supplier_contact`, `invoice_number`, `warranty`, `farm_id`) VALUES ('9813e6b3-294e-4cfd-8577-1f397307d1ee', NULL, 'e4dca5e0-f24f-408d-928c-c9468ca84121', '78b88453-8b3e-4a29-a180-b1c5aa5b7483', 'planting', '2025-10-06', NULL, NULL, NULL, NULL, 'MOMO Import', NULL, NULL, NULL, NULL, NULL, '2026-02-04 05:18:56.294', '2026-02-04 09:50:56.689', NULL, NULL, NULL, 'completed', 'expense', NULL, NULL, NULL, NULL, NULL, '2000.00', NULL, '0', NULL, NULL, NULL, NULL, NULL, NULL, NULL, NULL, 'e9e9a3e6-c43b-467e-b96c-c43d9309e0ed');
REPLACE INTO `activities` (`id`, `crop_id`, `field_id`, `performed_by`, `activity_type`, `activity_date`, `start_time`, `end_time`, `duration_hours`, `area_covered`, `description`, `weather_conditions`, `temperature`, `equipment_used`, `labor_cost`, `notes`, `created_at`, `updated_at`, `infrastructure_id`, `harvest_id`, `priority`, `work_status`, `transaction_type`, `material_cost`, `equipment_cost`, `service_cost`, `transport_cost`, `other_cost`, `total_cost`, `payment_method`, `num_workers`, `component`, `materials_used`, `next_maintenance`, `issues`, `supplier_name`, `supplier_contact`, `invoice_number`, `warranty`, `farm_id`) VALUES ('6313e0e4-d729-4049-b206-49adbecbca05', NULL, 'e4dca5e0-f24f-408d-928c-c9468ca84121', '78b88453-8b3e-4a29-a180-b1c5aa5b7483', 'planting', '2025-10-06', NULL, NULL, NULL, NULL, 'MOMO Import', NULL, NULL, NULL, NULL, NULL, '2026-02-04 05:18:56.294', '2026-02-04 09:51:15.596', NULL, NULL, NULL, 'completed', 'expense', NULL, NULL, NULL, NULL, NULL, '5200.00', NULL, '0', NULL, NULL, NULL, NULL, NULL, NULL, NULL, NULL, 'e9e9a3e6-c43b-467e-b96c-c43d9309e0ed');
REPLACE INTO `activities` (`id`, `crop_id`, `field_id`, `performed_by`, `activity_type`, `activity_date`, `start_time`, `end_time`, `duration_hours`, `area_covered`, `description`, `weather_conditions`, `temperature`, `equipment_used`, `labor_cost`, `notes`, `created_at`, `updated_at`, `infrastructure_id`, `harvest_id`, `priority`, `work_status`, `transaction_type`, `material_cost`, `equipment_cost`, `service_cost`, `transport_cost`, `other_cost`, `total_cost`, `payment_method`, `num_workers`, `component`, `materials_used`, `next_maintenance`, `issues`, `supplier_name`, `supplier_contact`, `invoice_number`, `warranty`, `farm_id`) VALUES ('782ba5ff-494e-4a70-bf2a-19433009776c', NULL, 'e4dca5e0-f24f-408d-928c-c9468ca84121', '78b88453-8b3e-4a29-a180-b1c5aa5b7483', 'planting', '2025-10-02', NULL, NULL, NULL, NULL, 'Purchase of Fruit plants seedlings', NULL, NULL, NULL, NULL, NULL, '2026-02-04 05:18:56.294', '2026-02-04 09:52:09.749', NULL, NULL, NULL, 'completed', 'expense', NULL, NULL, NULL, NULL, NULL, '92000.00', NULL, '0', NULL, NULL, NULL, NULL, NULL, NULL, NULL, NULL, 'e9e9a3e6-c43b-467e-b96c-c43d9309e0ed');
REPLACE INTO `activities` (`id`, `crop_id`, `field_id`, `performed_by`, `activity_type`, `activity_date`, `start_time`, `end_time`, `duration_hours`, `area_covered`, `description`, `weather_conditions`, `temperature`, `equipment_used`, `labor_cost`, `notes`, `created_at`, `updated_at`, `infrastructure_id`, `harvest_id`, `priority`, `work_status`, `transaction_type`, `material_cost`, `equipment_cost`, `service_cost`, `transport_cost`, `other_cost`, `total_cost`, `payment_method`, `num_workers`, `component`, `materials_used`, `next_maintenance`, `issues`, `supplier_name`, `supplier_contact`, `invoice_number`, `warranty`, `farm_id`) VALUES ('f34a834a-0227-4ff6-81a6-8fdf5a2872a0', NULL, '6c7809f5-42ca-4f46-8a31-2d3e4ca9db82', '78b88453-8b3e-4a29-a180-b1c5aa5b7483', 'planting', '2025-09-05', NULL, NULL, NULL, NULL, 'Beans Seedlings', NULL, NULL, NULL, NULL, NULL, '2026-02-04 05:18:56.294', '2026-02-04 09:52:35.894', NULL, NULL, NULL, 'completed', 'expense', NULL, NULL, NULL, NULL, NULL, '15500.00', NULL, '0', NULL, NULL, NULL, NULL, NULL, NULL, NULL, NULL, 'e9e9a3e6-c43b-467e-b96c-c43d9309e0ed');
REPLACE INTO `activities` (`id`, `crop_id`, `field_id`, `performed_by`, `activity_type`, `activity_date`, `start_time`, `end_time`, `duration_hours`, `area_covered`, `description`, `weather_conditions`, `temperature`, `equipment_used`, `labor_cost`, `notes`, `created_at`, `updated_at`, `infrastructure_id`, `harvest_id`, `priority`, `work_status`, `transaction_type`, `material_cost`, `equipment_cost`, `service_cost`, `transport_cost`, `other_cost`, `total_cost`, `payment_method`, `num_workers`, `component`, `materials_used`, `next_maintenance`, `issues`, `supplier_name`, `supplier_contact`, `invoice_number`, `warranty`, `farm_id`) VALUES ('9123a4ba-6991-4d69-b68c-f29c648f8ec4', NULL, 'e4dca5e0-f24f-408d-928c-c9468ca84121', '78b88453-8b3e-4a29-a180-b1c5aa5b7483', 'planting', '2025-09-04', NULL, NULL, NULL, NULL, 'Expense Claim by Naptary', NULL, NULL, NULL, NULL, NULL, '2026-02-04 05:18:56.294', '2026-02-04 09:53:09.513', NULL, NULL, NULL, 'completed', 'expense', NULL, NULL, NULL, NULL, NULL, '15000.00', NULL, '0', NULL, NULL, NULL, NULL, NULL, NULL, NULL, NULL, 'e9e9a3e6-c43b-467e-b96c-c43d9309e0ed');
REPLACE INTO `activities` (`id`, `crop_id`, `field_id`, `performed_by`, `activity_type`, `activity_date`, `start_time`, `end_time`, `duration_hours`, `area_covered`, `description`, `weather_conditions`, `temperature`, `equipment_used`, `labor_cost`, `notes`, `created_at`, `updated_at`, `infrastructure_id`, `harvest_id`, `priority`, `work_status`, `transaction_type`, `material_cost`, `equipment_cost`, `service_cost`, `transport_cost`, `other_cost`, `total_cost`, `payment_method`, `num_workers`, `component`, `materials_used`, `next_maintenance`, `issues`, `supplier_name`, `supplier_contact`, `invoice_number`, `warranty`, `farm_id`) VALUES ('5f977464-0b07-44e4-b94f-a779b89fb1dc', NULL, 'e4dca5e0-f24f-408d-928c-c9468ca84121', '78b88453-8b3e-4a29-a180-b1c5aa5b7483', 'planting', '2025-09-11', NULL, NULL, NULL, NULL, 'MOMO Import', NULL, NULL, NULL, NULL, NULL, '2026-02-04 05:18:56.294', '2026-02-04 09:53:31.989', NULL, NULL, NULL, 'completed', 'expense', NULL, NULL, NULL, NULL, NULL, '2500.00', NULL, '0', NULL, NULL, NULL, NULL, NULL, NULL, NULL, NULL, 'e9e9a3e6-c43b-467e-b96c-c43d9309e0ed');
REPLACE INTO `activities` (`id`, `crop_id`, `field_id`, `performed_by`, `activity_type`, `activity_date`, `start_time`, `end_time`, `duration_hours`, `area_covered`, `description`, `weather_conditions`, `temperature`, `equipment_used`, `labor_cost`, `notes`, `created_at`, `updated_at`, `infrastructure_id`, `harvest_id`, `priority`, `work_status`, `transaction_type`, `material_cost`, `equipment_cost`, `service_cost`, `transport_cost`, `other_cost`, `total_cost`, `payment_method`, `num_workers`, `component`, `materials_used`, `next_maintenance`, `issues`, `supplier_name`, `supplier_contact`, `invoice_number`, `warranty`, `farm_id`) VALUES ('5a8c7ab3-8138-43f1-b6be-4fc2e9a1a01f', NULL, 'e4dca5e0-f24f-408d-928c-c9468ca84121', '78b88453-8b3e-4a29-a180-b1c5aa5b7483', 'planting', '2025-10-01', NULL, NULL, NULL, NULL, 'MOMO Import', NULL, NULL, NULL, NULL, NULL, '2026-02-04 05:18:56.294', '2026-02-04 09:53:51.724', NULL, NULL, NULL, 'completed', 'expense', NULL, NULL, NULL, NULL, NULL, '10500.00', NULL, '0', NULL, NULL, NULL, NULL, NULL, NULL, NULL, NULL, 'e9e9a3e6-c43b-467e-b96c-c43d9309e0ed');
REPLACE INTO `activities` (`id`, `crop_id`, `field_id`, `performed_by`, `activity_type`, `activity_date`, `start_time`, `end_time`, `duration_hours`, `area_covered`, `description`, `weather_conditions`, `temperature`, `equipment_used`, `labor_cost`, `notes`, `created_at`, `updated_at`, `infrastructure_id`, `harvest_id`, `priority`, `work_status`, `transaction_type`, `material_cost`, `equipment_cost`, `service_cost`, `transport_cost`, `other_cost`, `total_cost`, `payment_method`, `num_workers`, `component`, `materials_used`, `next_maintenance`, `issues`, `supplier_name`, `supplier_contact`, `invoice_number`, `warranty`, `farm_id`) VALUES ('af71f717-b76b-4064-9ae0-c4bcb239241e', NULL, 'e4dca5e0-f24f-408d-928c-c9468ca84121', '78b88453-8b3e-4a29-a180-b1c5aa5b7483', 'planting', '2025-09-01', NULL, NULL, NULL, NULL, 'Lemon(300), Plum(100), Banana Succer(100)', NULL, NULL, NULL, NULL, NULL, '2026-02-04 05:18:56.294', '2026-02-04 09:54:21.133', NULL, NULL, NULL, 'completed', 'expense', NULL, NULL, NULL, NULL, NULL, '160000.00', NULL, '0', NULL, NULL, NULL, NULL, NULL, NULL, NULL, NULL, 'e9e9a3e6-c43b-467e-b96c-c43d9309e0ed');
REPLACE INTO `activities` (`id`, `crop_id`, `field_id`, `performed_by`, `activity_type`, `activity_date`, `start_time`, `end_time`, `duration_hours`, `area_covered`, `description`, `weather_conditions`, `temperature`, `equipment_used`, `labor_cost`, `notes`, `created_at`, `updated_at`, `infrastructure_id`, `harvest_id`, `priority`, `work_status`, `transaction_type`, `material_cost`, `equipment_cost`, `service_cost`, `transport_cost`, `other_cost`, `total_cost`, `payment_method`, `num_workers`, `component`, `materials_used`, `next_maintenance`, `issues`, `supplier_name`, `supplier_contact`, `invoice_number`, `warranty`, `farm_id`) VALUES ('d251b740-2397-443e-9808-65f5be1f4a68', NULL, 'e4dca5e0-f24f-408d-928c-c9468ca84121', '78b88453-8b3e-4a29-a180-b1c5aa5b7483', 'planting', '2025-09-29', NULL, NULL, NULL, NULL, 'MOMO Import', NULL, NULL, NULL, NULL, NULL, '2026-02-04 05:18:56.294', '2026-02-04 09:54:47.872', NULL, NULL, NULL, 'completed', 'expense', NULL, NULL, NULL, NULL, NULL, '31000.00', NULL, '0', NULL, NULL, NULL, NULL, NULL, NULL, NULL, NULL, 'e9e9a3e6-c43b-467e-b96c-c43d9309e0ed');
REPLACE INTO `activities` (`id`, `crop_id`, `field_id`, `performed_by`, `activity_type`, `activity_date`, `start_time`, `end_time`, `duration_hours`, `area_covered`, `description`, `weather_conditions`, `temperature`, `equipment_used`, `labor_cost`, `notes`, `created_at`, `updated_at`, `infrastructure_id`, `harvest_id`, `priority`, `work_status`, `transaction_type`, `material_cost`, `equipment_cost`, `service_cost`, `transport_cost`, `other_cost`, `total_cost`, `payment_method`, `num_workers`, `component`, `materials_used`, `next_maintenance`, `issues`, `supplier_name`, `supplier_contact`, `invoice_number`, `warranty`, `farm_id`) VALUES ('e29418b5-310c-4b20-99b0-b00c10c2643e', NULL, 'e4dca5e0-f24f-408d-928c-c9468ca84121', '78b88453-8b3e-4a29-a180-b1c5aa5b7483', 'planting', '2025-09-16', NULL, NULL, NULL, NULL, 'MOMO Import', NULL, NULL, NULL, NULL, NULL, '2026-02-04 05:18:56.294', '2026-02-04 09:55:18.022', NULL, NULL, NULL, 'completed', 'expense', NULL, NULL, NULL, NULL, NULL, '70000.00', NULL, '0', NULL, NULL, NULL, NULL, NULL, NULL, NULL, NULL, 'e9e9a3e6-c43b-467e-b96c-c43d9309e0ed');
REPLACE INTO `activities` (`id`, `crop_id`, `field_id`, `performed_by`, `activity_type`, `activity_date`, `start_time`, `end_time`, `duration_hours`, `area_covered`, `description`, `weather_conditions`, `temperature`, `equipment_used`, `labor_cost`, `notes`, `created_at`, `updated_at`, `infrastructure_id`, `harvest_id`, `priority`, `work_status`, `transaction_type`, `material_cost`, `equipment_cost`, `service_cost`, `transport_cost`, `other_cost`, `total_cost`, `payment_method`, `num_workers`, `component`, `materials_used`, `next_maintenance`, `issues`, `supplier_name`, `supplier_contact`, `invoice_number`, `warranty`, `farm_id`) VALUES ('a75109aa-03f1-40ea-a182-02ffd22ffe97', NULL, 'e4dca5e0-f24f-408d-928c-c9468ca84121', '78b88453-8b3e-4a29-a180-b1c5aa5b7483', 'planting', '2025-09-27', NULL, NULL, NULL, NULL, 'MOMO Import', NULL, NULL, NULL, NULL, NULL, '2026-02-04 05:18:56.294', '2026-02-04 09:55:35.46', NULL, NULL, NULL, 'completed', 'expense', NULL, NULL, NULL, NULL, NULL, '17000.00', NULL, '0', NULL, NULL, NULL, NULL, NULL, NULL, NULL, NULL, 'e9e9a3e6-c43b-467e-b96c-c43d9309e0ed');
REPLACE INTO `activities` (`id`, `crop_id`, `field_id`, `performed_by`, `activity_type`, `activity_date`, `start_time`, `end_time`, `duration_hours`, `area_covered`, `description`, `weather_conditions`, `temperature`, `equipment_used`, `labor_cost`, `notes`, `created_at`, `updated_at`, `infrastructure_id`, `harvest_id`, `priority`, `work_status`, `transaction_type`, `material_cost`, `equipment_cost`, `service_cost`, `transport_cost`, `other_cost`, `total_cost`, `payment_method`, `num_workers`, `component`, `materials_used`, `next_maintenance`, `issues`, `supplier_name`, `supplier_contact`, `invoice_number`, `warranty`, `farm_id`) VALUES ('175dd039-22ed-4338-b50f-8247de9a4936', NULL, 'e4dca5e0-f24f-408d-928c-c9468ca84121', '78b88453-8b3e-4a29-a180-b1c5aa5b7483', 'planting', '2025-09-19', NULL, NULL, NULL, NULL, 'MOMO Import', NULL, NULL, NULL, NULL, NULL, '2026-02-04 05:18:56.294', '2026-02-04 09:55:59.476', NULL, NULL, NULL, 'completed', 'expense', NULL, NULL, NULL, NULL, NULL, '5000.00', NULL, '0', NULL, NULL, NULL, NULL, NULL, NULL, NULL, NULL, 'e9e9a3e6-c43b-467e-b96c-c43d9309e0ed');
REPLACE INTO `activities` (`id`, `crop_id`, `field_id`, `performed_by`, `activity_type`, `activity_date`, `start_time`, `end_time`, `duration_hours`, `area_covered`, `description`, `weather_conditions`, `temperature`, `equipment_used`, `labor_cost`, `notes`, `created_at`, `updated_at`, `infrastructure_id`, `harvest_id`, `priority`, `work_status`, `transaction_type`, `material_cost`, `equipment_cost`, `service_cost`, `transport_cost`, `other_cost`, `total_cost`, `payment_method`, `num_workers`, `component`, `materials_used`, `next_maintenance`, `issues`, `supplier_name`, `supplier_contact`, `invoice_number`, `warranty`, `farm_id`) VALUES ('28801d23-4ff0-41c2-ae6e-640cd92ccef9', NULL, 'e4dca5e0-f24f-408d-928c-c9468ca84121', '78b88453-8b3e-4a29-a180-b1c5aa5b7483', 'planting', '2025-08-27', NULL, NULL, NULL, NULL, 'MOMO Import', NULL, NULL, NULL, NULL, NULL, '2026-02-04 05:18:56.294', '2026-02-04 09:56:26.652', NULL, NULL, NULL, 'completed', 'expense', NULL, NULL, NULL, NULL, NULL, '41000.00', NULL, '0', NULL, NULL, NULL, NULL, NULL, NULL, NULL, NULL, 'e9e9a3e6-c43b-467e-b96c-c43d9309e0ed');
REPLACE INTO `activities` (`id`, `crop_id`, `field_id`, `performed_by`, `activity_type`, `activity_date`, `start_time`, `end_time`, `duration_hours`, `area_covered`, `description`, `weather_conditions`, `temperature`, `equipment_used`, `labor_cost`, `notes`, `created_at`, `updated_at`, `infrastructure_id`, `harvest_id`, `priority`, `work_status`, `transaction_type`, `material_cost`, `equipment_cost`, `service_cost`, `transport_cost`, `other_cost`, `total_cost`, `payment_method`, `num_workers`, `component`, `materials_used`, `next_maintenance`, `issues`, `supplier_name`, `supplier_contact`, `invoice_number`, `warranty`, `farm_id`) VALUES ('71a97e7b-c0b2-4f25-8277-6749c7aab495', NULL, 'e4dca5e0-f24f-408d-928c-c9468ca84121', '78b88453-8b3e-4a29-a180-b1c5aa5b7483', 'planting', '2025-08-18', NULL, NULL, NULL, NULL, 'MOMO Import', NULL, NULL, NULL, NULL, NULL, '2026-02-04 05:18:56.294', '2026-02-04 09:57:33.107', NULL, NULL, NULL, 'completed', 'expense', NULL, NULL, NULL, NULL, NULL, '40000.00', NULL, '0', NULL, NULL, NULL, NULL, NULL, NULL, NULL, NULL, 'e9e9a3e6-c43b-467e-b96c-c43d9309e0ed');
REPLACE INTO `activities` (`id`, `crop_id`, `field_id`, `performed_by`, `activity_type`, `activity_date`, `start_time`, `end_time`, `duration_hours`, `area_covered`, `description`, `weather_conditions`, `temperature`, `equipment_used`, `labor_cost`, `notes`, `created_at`, `updated_at`, `infrastructure_id`, `harvest_id`, `priority`, `work_status`, `transaction_type`, `material_cost`, `equipment_cost`, `service_cost`, `transport_cost`, `other_cost`, `total_cost`, `payment_method`, `num_workers`, `component`, `materials_used`, `next_maintenance`, `issues`, `supplier_name`, `supplier_contact`, `invoice_number`, `warranty`, `farm_id`) VALUES ('99521ff8-4e51-4e5d-b81f-2d5b5efb3b73', NULL, 'e4dca5e0-f24f-408d-928c-c9468ca84121', '78b88453-8b3e-4a29-a180-b1c5aa5b7483', 'planting', '2025-04-26', NULL, NULL, NULL, NULL, 'MOMO Import', NULL, NULL, NULL, NULL, NULL, '2026-02-04 05:18:56.294', '2026-02-04 09:58:58.903', NULL, NULL, NULL, 'completed', 'expense', NULL, NULL, NULL, NULL, NULL, '8000.00', NULL, '0', NULL, NULL, NULL, NULL, NULL, NULL, NULL, NULL, 'e9e9a3e6-c43b-467e-b96c-c43d9309e0ed');
REPLACE INTO `activities` (`id`, `crop_id`, `field_id`, `performed_by`, `activity_type`, `activity_date`, `start_time`, `end_time`, `duration_hours`, `area_covered`, `description`, `weather_conditions`, `temperature`, `equipment_used`, `labor_cost`, `notes`, `created_at`, `updated_at`, `infrastructure_id`, `harvest_id`, `priority`, `work_status`, `transaction_type`, `material_cost`, `equipment_cost`, `service_cost`, `transport_cost`, `other_cost`, `total_cost`, `payment_method`, `num_workers`, `component`, `materials_used`, `next_maintenance`, `issues`, `supplier_name`, `supplier_contact`, `invoice_number`, `warranty`, `farm_id`) VALUES ('8da00ea8-02d6-4753-90e8-dbe1dcc6374b', NULL, '6c7809f5-42ca-4f46-8a31-2d3e4ca9db82', '78b88453-8b3e-4a29-a180-b1c5aa5b7483', 'planting', '2025-06-25', NULL, NULL, NULL, NULL, 'MOMO Import', NULL, NULL, NULL, NULL, NULL, '2026-02-04 05:18:56.294', '2026-02-04 10:00:07.974', NULL, NULL, NULL, 'completed', 'expense', NULL, NULL, NULL, NULL, NULL, '20500.00', NULL, '0', NULL, NULL, NULL, NULL, NULL, NULL, NULL, NULL, 'e9e9a3e6-c43b-467e-b96c-c43d9309e0ed');
REPLACE INTO `activities` (`id`, `crop_id`, `field_id`, `performed_by`, `activity_type`, `activity_date`, `start_time`, `end_time`, `duration_hours`, `area_covered`, `description`, `weather_conditions`, `temperature`, `equipment_used`, `labor_cost`, `notes`, `created_at`, `updated_at`, `infrastructure_id`, `harvest_id`, `priority`, `work_status`, `transaction_type`, `material_cost`, `equipment_cost`, `service_cost`, `transport_cost`, `other_cost`, `total_cost`, `payment_method`, `num_workers`, `component`, `materials_used`, `next_maintenance`, `issues`, `supplier_name`, `supplier_contact`, `invoice_number`, `warranty`, `farm_id`) VALUES ('01b65340-e6f2-4cb7-afe2-ed23540498c0', NULL, '6c7809f5-42ca-4f46-8a31-2d3e4ca9db82', '78b88453-8b3e-4a29-a180-b1c5aa5b7483', 'planting', '2025-06-20', NULL, NULL, NULL, NULL, 'MOMO Import', NULL, NULL, NULL, NULL, NULL, '2026-02-04 05:18:56.294', '2026-02-04 10:00:30.886', NULL, NULL, NULL, 'completed', 'expense', NULL, NULL, NULL, NULL, NULL, '5000.00', NULL, '0', NULL, NULL, NULL, NULL, NULL, NULL, NULL, NULL, 'e9e9a3e6-c43b-467e-b96c-c43d9309e0ed');
REPLACE INTO `activities` (`id`, `crop_id`, `field_id`, `performed_by`, `activity_type`, `activity_date`, `start_time`, `end_time`, `duration_hours`, `area_covered`, `description`, `weather_conditions`, `temperature`, `equipment_used`, `labor_cost`, `notes`, `created_at`, `updated_at`, `infrastructure_id`, `harvest_id`, `priority`, `work_status`, `transaction_type`, `material_cost`, `equipment_cost`, `service_cost`, `transport_cost`, `other_cost`, `total_cost`, `payment_method`, `num_workers`, `component`, `materials_used`, `next_maintenance`, `issues`, `supplier_name`, `supplier_contact`, `invoice_number`, `warranty`, `farm_id`) VALUES ('4959d8d0-8b65-4059-809a-e7f1cb09ecc2', NULL, '6c7809f5-42ca-4f46-8a31-2d3e4ca9db82', '78b88453-8b3e-4a29-a180-b1c5aa5b7483', 'planting', '2025-06-14', NULL, NULL, NULL, NULL, 'MOMO Import', NULL, NULL, NULL, NULL, NULL, '2026-02-04 05:18:56.294', '2026-02-04 10:00:50.702', NULL, NULL, NULL, 'completed', 'expense', NULL, NULL, NULL, NULL, NULL, '2500.00', NULL, '0', NULL, NULL, NULL, NULL, NULL, NULL, NULL, NULL, 'e9e9a3e6-c43b-467e-b96c-c43d9309e0ed');
REPLACE INTO `activities` (`id`, `crop_id`, `field_id`, `performed_by`, `activity_type`, `activity_date`, `start_time`, `end_time`, `duration_hours`, `area_covered`, `description`, `weather_conditions`, `temperature`, `equipment_used`, `labor_cost`, `notes`, `created_at`, `updated_at`, `infrastructure_id`, `harvest_id`, `priority`, `work_status`, `transaction_type`, `material_cost`, `equipment_cost`, `service_cost`, `transport_cost`, `other_cost`, `total_cost`, `payment_method`, `num_workers`, `component`, `materials_used`, `next_maintenance`, `issues`, `supplier_name`, `supplier_contact`, `invoice_number`, `warranty`, `farm_id`) VALUES ('d1a94a32-b574-4760-8756-f377c521373b', NULL, '6c7809f5-42ca-4f46-8a31-2d3e4ca9db82', '78b88453-8b3e-4a29-a180-b1c5aa5b7483', 'planting', '2025-06-14', NULL, NULL, NULL, NULL, 'MOMO Import', NULL, NULL, NULL, NULL, NULL, '2026-02-04 05:18:56.294', '2026-02-04 10:01:16.652', NULL, NULL, NULL, 'completed', 'expense', NULL, NULL, NULL, NULL, NULL, '1200.00', NULL, '0', NULL, NULL, NULL, NULL, NULL, NULL, NULL, NULL, 'e9e9a3e6-c43b-467e-b96c-c43d9309e0ed');
REPLACE INTO `activities` (`id`, `crop_id`, `field_id`, `performed_by`, `activity_type`, `activity_date`, `start_time`, `end_time`, `duration_hours`, `area_covered`, `description`, `weather_conditions`, `temperature`, `equipment_used`, `labor_cost`, `notes`, `created_at`, `updated_at`, `infrastructure_id`, `harvest_id`, `priority`, `work_status`, `transaction_type`, `material_cost`, `equipment_cost`, `service_cost`, `transport_cost`, `other_cost`, `total_cost`, `payment_method`, `num_workers`, `component`, `materials_used`, `next_maintenance`, `issues`, `supplier_name`, `supplier_contact`, `invoice_number`, `warranty`, `farm_id`) VALUES ('c0c90ce1-2f99-4faa-bc11-2630071a6d88', NULL, '6c7809f5-42ca-4f46-8a31-2d3e4ca9db82', '78b88453-8b3e-4a29-a180-b1c5aa5b7483', 'planting', '2025-12-02', NULL, NULL, NULL, NULL, 'Clearing of farm', NULL, NULL, NULL, NULL, NULL, '2026-02-04 05:18:56.294', '2026-02-04 10:01:45.203', NULL, NULL, NULL, 'completed', 'expense', NULL, NULL, NULL, NULL, NULL, '25000.00', NULL, '0', NULL, NULL, NULL, NULL, NULL, NULL, NULL, NULL, 'e9e9a3e6-c43b-467e-b96c-c43d9309e0ed');
REPLACE INTO `activities` (`id`, `crop_id`, `field_id`, `performed_by`, `activity_type`, `activity_date`, `start_time`, `end_time`, `duration_hours`, `area_covered`, `description`, `weather_conditions`, `temperature`, `equipment_used`, `labor_cost`, `notes`, `created_at`, `updated_at`, `infrastructure_id`, `harvest_id`, `priority`, `work_status`, `transaction_type`, `material_cost`, `equipment_cost`, `service_cost`, `transport_cost`, `other_cost`, `total_cost`, `payment_method`, `num_workers`, `component`, `materials_used`, `next_maintenance`, `issues`, `supplier_name`, `supplier_contact`, `invoice_number`, `warranty`, `farm_id`) VALUES ('09d3ee92-3d4b-43c2-950f-3a4f1495702b', NULL, '6c7809f5-42ca-4f46-8a31-2d3e4ca9db82', '78b88453-8b3e-4a29-a180-b1c5aa5b7483', 'planting', '2025-11-27', NULL, NULL, NULL, NULL, 'Clearing of Farm', NULL, NULL, NULL, NULL, NULL, '2026-02-04 05:18:56.294', '2026-02-04 10:02:01.353', NULL, NULL, NULL, 'completed', 'expense', NULL, NULL, NULL, NULL, NULL, '20500.00', NULL, '0', NULL, NULL, NULL, NULL, NULL, NULL, NULL, NULL, 'e9e9a3e6-c43b-467e-b96c-c43d9309e0ed');
REPLACE INTO `activities` (`id`, `crop_id`, `field_id`, `performed_by`, `activity_type`, `activity_date`, `start_time`, `end_time`, `duration_hours`, `area_covered`, `description`, `weather_conditions`, `temperature`, `equipment_used`, `labor_cost`, `notes`, `created_at`, `updated_at`, `infrastructure_id`, `harvest_id`, `priority`, `work_status`, `transaction_type`, `material_cost`, `equipment_cost`, `service_cost`, `transport_cost`, `other_cost`, `total_cost`, `payment_method`, `num_workers`, `component`, `materials_used`, `next_maintenance`, `issues`, `supplier_name`, `supplier_contact`, `invoice_number`, `warranty`, `farm_id`) VALUES ('ff9881c5-a0a8-4536-93b1-6ab329981deb', NULL, 'e4dca5e0-f24f-408d-928c-c9468ca84121', '78b88453-8b3e-4a29-a180-b1c5aa5b7483', 'planting', '2025-11-26', NULL, NULL, NULL, NULL, 'MOMO Import', NULL, NULL, NULL, NULL, NULL, '2026-02-04 05:18:56.294', '2026-02-04 10:02:20.049', NULL, NULL, NULL, 'completed', 'expense', NULL, NULL, NULL, NULL, NULL, '20500.00', NULL, '0', NULL, NULL, NULL, NULL, NULL, NULL, NULL, NULL, 'e9e9a3e6-c43b-467e-b96c-c43d9309e0ed');
REPLACE INTO `activities` (`id`, `crop_id`, `field_id`, `performed_by`, `activity_type`, `activity_date`, `start_time`, `end_time`, `duration_hours`, `area_covered`, `description`, `weather_conditions`, `temperature`, `equipment_used`, `labor_cost`, `notes`, `created_at`, `updated_at`, `infrastructure_id`, `harvest_id`, `priority`, `work_status`, `transaction_type`, `material_cost`, `equipment_cost`, `service_cost`, `transport_cost`, `other_cost`, `total_cost`, `payment_method`, `num_workers`, `component`, `materials_used`, `next_maintenance`, `issues`, `supplier_name`, `supplier_contact`, `invoice_number`, `warranty`, `farm_id`) VALUES ('85b7a7bc-011b-45fa-84ca-87dc2867a925', NULL, '6c7809f5-42ca-4f46-8a31-2d3e4ca9db82', '78b88453-8b3e-4a29-a180-b1c5aa5b7483', 'planting', '2025-11-07', NULL, NULL, NULL, NULL, 'Naptary', NULL, NULL, NULL, NULL, NULL, '2026-02-04 05:18:56.294', '2026-02-04 10:02:35.449', NULL, NULL, NULL, 'completed', 'expense', NULL, NULL, NULL, NULL, NULL, '5000.00', NULL, '0', NULL, NULL, NULL, NULL, NULL, NULL, NULL, NULL, 'e9e9a3e6-c43b-467e-b96c-c43d9309e0ed');
REPLACE INTO `activities` (`id`, `crop_id`, `field_id`, `performed_by`, `activity_type`, `activity_date`, `start_time`, `end_time`, `duration_hours`, `area_covered`, `description`, `weather_conditions`, `temperature`, `equipment_used`, `labor_cost`, `notes`, `created_at`, `updated_at`, `infrastructure_id`, `harvest_id`, `priority`, `work_status`, `transaction_type`, `material_cost`, `equipment_cost`, `service_cost`, `transport_cost`, `other_cost`, `total_cost`, `payment_method`, `num_workers`, `component`, `materials_used`, `next_maintenance`, `issues`, `supplier_name`, `supplier_contact`, `invoice_number`, `warranty`, `farm_id`) VALUES ('19f13391-be36-4a69-a81a-c342a7988051', NULL, '6c7809f5-42ca-4f46-8a31-2d3e4ca9db82', '78b88453-8b3e-4a29-a180-b1c5aa5b7483', 'planting', '2024-12-20', NULL, NULL, NULL, NULL, 'Transportation to and from farm', NULL, NULL, NULL, NULL, NULL, '2026-02-04 05:18:56.294', '2026-02-04 05:53:48.679', NULL, NULL, NULL, 'completed', 'expense', NULL, NULL, NULL, NULL, NULL, '100000.00', NULL, NULL, NULL, NULL, NULL, NULL, NULL, NULL, NULL, NULL, 'e9e9a3e6-c43b-467e-b96c-c43d9309e0ed');
REPLACE INTO `activities` (`id`, `crop_id`, `field_id`, `performed_by`, `activity_type`, `activity_date`, `start_time`, `end_time`, `duration_hours`, `area_covered`, `description`, `weather_conditions`, `temperature`, `equipment_used`, `labor_cost`, `notes`, `created_at`, `updated_at`, `infrastructure_id`, `harvest_id`, `priority`, `work_status`, `transaction_type`, `material_cost`, `equipment_cost`, `service_cost`, `transport_cost`, `other_cost`, `total_cost`, `payment_method`, `num_workers`, `component`, `materials_used`, `next_maintenance`, `issues`, `supplier_name`, `supplier_contact`, `invoice_number`, `warranty`, `farm_id`) VALUES ('58891c73-0808-43fa-acc2-243643bf06b2', NULL, '6c7809f5-42ca-4f46-8a31-2d3e4ca9db82', '78b88453-8b3e-4a29-a180-b1c5aa5b7483', 'planting', '2024-11-27', NULL, NULL, NULL, NULL, 'Maize(Cash Borrowed to Naptali)', NULL, NULL, NULL, NULL, NULL, '2026-02-04 05:18:56.294', '2026-02-04 05:53:48.679', NULL, NULL, NULL, 'completed', 'expense', NULL, NULL, NULL, NULL, NULL, '220000.00', NULL, NULL, NULL, NULL, NULL, NULL, NULL, NULL, NULL, NULL, 'e9e9a3e6-c43b-467e-b96c-c43d9309e0ed');
REPLACE INTO `activities` (`id`, `crop_id`, `field_id`, `performed_by`, `activity_type`, `activity_date`, `start_time`, `end_time`, `duration_hours`, `area_covered`, `description`, `weather_conditions`, `temperature`, `equipment_used`, `labor_cost`, `notes`, `created_at`, `updated_at`, `infrastructure_id`, `harvest_id`, `priority`, `work_status`, `transaction_type`, `material_cost`, `equipment_cost`, `service_cost`, `transport_cost`, `other_cost`, `total_cost`, `payment_method`, `num_workers`, `component`, `materials_used`, `next_maintenance`, `issues`, `supplier_name`, `supplier_contact`, `invoice_number`, `warranty`, `farm_id`) VALUES ('6789ce92-6caf-4613-bcd9-61db6346d77a', NULL, '6c7809f5-42ca-4f46-8a31-2d3e4ca9db82', '78b88453-8b3e-4a29-a180-b1c5aa5b7483', 'planting', '2024-07-31', NULL, NULL, NULL, NULL, 'MOMO Import', NULL, NULL, NULL, NULL, NULL, '2026-02-04 05:18:56.294', '2026-02-04 05:53:48.679', NULL, NULL, NULL, 'completed', 'expense', NULL, NULL, NULL, NULL, NULL, '21000.00', NULL, NULL, NULL, NULL, NULL, NULL, NULL, NULL, NULL, NULL, 'e9e9a3e6-c43b-467e-b96c-c43d9309e0ed');
REPLACE INTO `activities` (`id`, `crop_id`, `field_id`, `performed_by`, `activity_type`, `activity_date`, `start_time`, `end_time`, `duration_hours`, `area_covered`, `description`, `weather_conditions`, `temperature`, `equipment_used`, `labor_cost`, `notes`, `created_at`, `updated_at`, `infrastructure_id`, `harvest_id`, `priority`, `work_status`, `transaction_type`, `material_cost`, `equipment_cost`, `service_cost`, `transport_cost`, `other_cost`, `total_cost`, `payment_method`, `num_workers`, `component`, `materials_used`, `next_maintenance`, `issues`, `supplier_name`, `supplier_contact`, `invoice_number`, `warranty`, `farm_id`) VALUES ('d8e36be2-907b-41be-9261-7703ad460295', NULL, '6c7809f5-42ca-4f46-8a31-2d3e4ca9db82', '78b88453-8b3e-4a29-a180-b1c5aa5b7483', 'planting', '2024-06-18', NULL, NULL, NULL, NULL, 'MOMO Import', NULL, NULL, NULL, NULL, NULL, '2026-02-04 05:18:56.294', '2026-02-04 05:53:48.679', NULL, NULL, NULL, 'completed', 'expense', NULL, NULL, NULL, NULL, NULL, '51000.00', NULL, NULL, NULL, NULL, NULL, NULL, NULL, NULL, NULL, NULL, 'e9e9a3e6-c43b-467e-b96c-c43d9309e0ed');
REPLACE INTO `activities` (`id`, `crop_id`, `field_id`, `performed_by`, `activity_type`, `activity_date`, `start_time`, `end_time`, `duration_hours`, `area_covered`, `description`, `weather_conditions`, `temperature`, `equipment_used`, `labor_cost`, `notes`, `created_at`, `updated_at`, `infrastructure_id`, `harvest_id`, `priority`, `work_status`, `transaction_type`, `material_cost`, `equipment_cost`, `service_cost`, `transport_cost`, `other_cost`, `total_cost`, `payment_method`, `num_workers`, `component`, `materials_used`, `next_maintenance`, `issues`, `supplier_name`, `supplier_contact`, `invoice_number`, `warranty`, `farm_id`) VALUES ('efb3795a-eab2-4454-b724-142767620ba0', NULL, '6c7809f5-42ca-4f46-8a31-2d3e4ca9db82', '78b88453-8b3e-4a29-a180-b1c5aa5b7483', 'planting', '2024-06-08', NULL, NULL, NULL, NULL, 'MOMO Import', NULL, NULL, NULL, NULL, NULL, '2026-02-04 05:18:56.294', '2026-02-04 05:53:48.679', NULL, NULL, NULL, 'completed', 'expense', NULL, NULL, NULL, NULL, NULL, '16000.00', NULL, NULL, NULL, NULL, NULL, NULL, NULL, NULL, NULL, NULL, 'e9e9a3e6-c43b-467e-b96c-c43d9309e0ed');
REPLACE INTO `activities` (`id`, `crop_id`, `field_id`, `performed_by`, `activity_type`, `activity_date`, `start_time`, `end_time`, `duration_hours`, `area_covered`, `description`, `weather_conditions`, `temperature`, `equipment_used`, `labor_cost`, `notes`, `created_at`, `updated_at`, `infrastructure_id`, `harvest_id`, `priority`, `work_status`, `transaction_type`, `material_cost`, `equipment_cost`, `service_cost`, `transport_cost`, `other_cost`, `total_cost`, `payment_method`, `num_workers`, `component`, `materials_used`, `next_maintenance`, `issues`, `supplier_name`, `supplier_contact`, `invoice_number`, `warranty`, `farm_id`) VALUES ('6b0a4dae-6acc-4321-99ed-f504b06c0918', NULL, '6c7809f5-42ca-4f46-8a31-2d3e4ca9db82', '78b88453-8b3e-4a29-a180-b1c5aa5b7483', 'planting', '2024-05-26', NULL, NULL, NULL, NULL, 'MOMO Import', NULL, NULL, NULL, NULL, NULL, '2026-02-04 05:18:56.294', '2026-02-04 05:53:48.679', NULL, NULL, NULL, 'completed', 'expense', NULL, NULL, NULL, NULL, NULL, '17000.00', NULL, NULL, NULL, NULL, NULL, NULL, NULL, NULL, NULL, NULL, 'e9e9a3e6-c43b-467e-b96c-c43d9309e0ed');
REPLACE INTO `activities` (`id`, `crop_id`, `field_id`, `performed_by`, `activity_type`, `activity_date`, `start_time`, `end_time`, `duration_hours`, `area_covered`, `description`, `weather_conditions`, `temperature`, `equipment_used`, `labor_cost`, `notes`, `created_at`, `updated_at`, `infrastructure_id`, `harvest_id`, `priority`, `work_status`, `transaction_type`, `material_cost`, `equipment_cost`, `service_cost`, `transport_cost`, `other_cost`, `total_cost`, `payment_method`, `num_workers`, `component`, `materials_used`, `next_maintenance`, `issues`, `supplier_name`, `supplier_contact`, `invoice_number`, `warranty`, `farm_id`) VALUES ('2e207f00-b3de-4f46-9f15-e4fd65095f07', NULL, '6c7809f5-42ca-4f46-8a31-2d3e4ca9db82', '78b88453-8b3e-4a29-a180-b1c5aa5b7483', 'planting', '2024-05-12', NULL, NULL, NULL, NULL, 'MOMO Import', NULL, NULL, NULL, NULL, NULL, '2026-02-04 05:18:56.294', '2026-02-04 05:53:48.679', NULL, NULL, NULL, 'completed', 'expense', NULL, NULL, NULL, NULL, NULL, '44000.00', NULL, NULL, NULL, NULL, NULL, NULL, NULL, NULL, NULL, NULL, 'e9e9a3e6-c43b-467e-b96c-c43d9309e0ed');
REPLACE INTO `activities` (`id`, `crop_id`, `field_id`, `performed_by`, `activity_type`, `activity_date`, `start_time`, `end_time`, `duration_hours`, `area_covered`, `description`, `weather_conditions`, `temperature`, `equipment_used`, `labor_cost`, `notes`, `created_at`, `updated_at`, `infrastructure_id`, `harvest_id`, `priority`, `work_status`, `transaction_type`, `material_cost`, `equipment_cost`, `service_cost`, `transport_cost`, `other_cost`, `total_cost`, `payment_method`, `num_workers`, `component`, `materials_used`, `next_maintenance`, `issues`, `supplier_name`, `supplier_contact`, `invoice_number`, `warranty`, `farm_id`) VALUES ('4b778db0-4df7-43c7-b0a6-95b5f77aa106', NULL, '6c7809f5-42ca-4f46-8a31-2d3e4ca9db82', '78b88453-8b3e-4a29-a180-b1c5aa5b7483', 'planting', '2024-05-01', NULL, NULL, NULL, NULL, 'MOMO Import', NULL, NULL, NULL, NULL, NULL, '2026-02-04 05:18:56.294', '2026-02-04 05:53:48.679', NULL, NULL, NULL, 'completed', 'expense', NULL, NULL, NULL, NULL, NULL, '12200.00', NULL, NULL, NULL, NULL, NULL, NULL, NULL, NULL, NULL, NULL, 'e9e9a3e6-c43b-467e-b96c-c43d9309e0ed');
REPLACE INTO `activities` (`id`, `crop_id`, `field_id`, `performed_by`, `activity_type`, `activity_date`, `start_time`, `end_time`, `duration_hours`, `area_covered`, `description`, `weather_conditions`, `temperature`, `equipment_used`, `labor_cost`, `notes`, `created_at`, `updated_at`, `infrastructure_id`, `harvest_id`, `priority`, `work_status`, `transaction_type`, `material_cost`, `equipment_cost`, `service_cost`, `transport_cost`, `other_cost`, `total_cost`, `payment_method`, `num_workers`, `component`, `materials_used`, `next_maintenance`, `issues`, `supplier_name`, `supplier_contact`, `invoice_number`, `warranty`, `farm_id`) VALUES ('ab023c21-fb6a-43f0-966e-80fe248cd818', NULL, '6c7809f5-42ca-4f46-8a31-2d3e4ca9db82', '78b88453-8b3e-4a29-a180-b1c5aa5b7483', 'planting', '2024-04-19', NULL, NULL, NULL, NULL, 'MOMO Import', NULL, NULL, NULL, NULL, NULL, '2026-02-04 05:18:56.294', '2026-02-04 05:53:48.679', NULL, NULL, NULL, 'completed', 'expense', NULL, NULL, NULL, NULL, NULL, '10200.00', NULL, NULL, NULL, NULL, NULL, NULL, NULL, NULL, NULL, NULL, 'e9e9a3e6-c43b-467e-b96c-c43d9309e0ed');
REPLACE INTO `activities` (`id`, `crop_id`, `field_id`, `performed_by`, `activity_type`, `activity_date`, `start_time`, `end_time`, `duration_hours`, `area_covered`, `description`, `weather_conditions`, `temperature`, `equipment_used`, `labor_cost`, `notes`, `created_at`, `updated_at`, `infrastructure_id`, `harvest_id`, `priority`, `work_status`, `transaction_type`, `material_cost`, `equipment_cost`, `service_cost`, `transport_cost`, `other_cost`, `total_cost`, `payment_method`, `num_workers`, `component`, `materials_used`, `next_maintenance`, `issues`, `supplier_name`, `supplier_contact`, `invoice_number`, `warranty`, `farm_id`) VALUES ('4dcb11f3-b036-4837-b4fc-2285ac2de26a', NULL, '6c7809f5-42ca-4f46-8a31-2d3e4ca9db82', '78b88453-8b3e-4a29-a180-b1c5aa5b7483', 'planting', '2024-04-09', NULL, NULL, NULL, NULL, 'MOMO Import', NULL, NULL, NULL, NULL, NULL, '2026-02-04 05:18:56.294', '2026-02-04 05:53:48.679', NULL, NULL, NULL, 'completed', 'expense', NULL, NULL, NULL, NULL, NULL, '20000.00', NULL, NULL, NULL, NULL, NULL, NULL, NULL, NULL, NULL, NULL, 'e9e9a3e6-c43b-467e-b96c-c43d9309e0ed');
REPLACE INTO `activities` (`id`, `crop_id`, `field_id`, `performed_by`, `activity_type`, `activity_date`, `start_time`, `end_time`, `duration_hours`, `area_covered`, `description`, `weather_conditions`, `temperature`, `equipment_used`, `labor_cost`, `notes`, `created_at`, `updated_at`, `infrastructure_id`, `harvest_id`, `priority`, `work_status`, `transaction_type`, `material_cost`, `equipment_cost`, `service_cost`, `transport_cost`, `other_cost`, `total_cost`, `payment_method`, `num_workers`, `component`, `materials_used`, `next_maintenance`, `issues`, `supplier_name`, `supplier_contact`, `invoice_number`, `warranty`, `farm_id`) VALUES ('b29cb799-a2a3-4cc7-a26b-db11c7254b23', NULL, '6c7809f5-42ca-4f46-8a31-2d3e4ca9db82', '78b88453-8b3e-4a29-a180-b1c5aa5b7483', 'planting', '2024-03-22', NULL, NULL, NULL, NULL, 'MOMO Import', NULL, NULL, NULL, NULL, NULL, '2026-02-04 05:18:56.294', '2026-02-04 05:53:48.679', NULL, NULL, NULL, 'completed', 'expense', NULL, NULL, NULL, NULL, NULL, '62000.00', NULL, NULL, NULL, NULL, NULL, NULL, NULL, NULL, NULL, NULL, 'e9e9a3e6-c43b-467e-b96c-c43d9309e0ed');
REPLACE INTO `activities` (`id`, `crop_id`, `field_id`, `performed_by`, `activity_type`, `activity_date`, `start_time`, `end_time`, `duration_hours`, `area_covered`, `description`, `weather_conditions`, `temperature`, `equipment_used`, `labor_cost`, `notes`, `created_at`, `updated_at`, `infrastructure_id`, `harvest_id`, `priority`, `work_status`, `transaction_type`, `material_cost`, `equipment_cost`, `service_cost`, `transport_cost`, `other_cost`, `total_cost`, `payment_method`, `num_workers`, `component`, `materials_used`, `next_maintenance`, `issues`, `supplier_name`, `supplier_contact`, `invoice_number`, `warranty`, `farm_id`) VALUES ('6f06c242-e1bd-48c5-8b86-839592eeba49', NULL, '6c7809f5-42ca-4f46-8a31-2d3e4ca9db82', '78b88453-8b3e-4a29-a180-b1c5aa5b7483', 'planting', '2024-03-20', NULL, NULL, NULL, NULL, 'MOMO Import', NULL, NULL, NULL, NULL, NULL, '2026-02-04 05:18:56.294', '2026-02-04 05:53:48.679', NULL, NULL, NULL, 'completed', 'expense', NULL, NULL, NULL, NULL, NULL, '9000.00', NULL, NULL, NULL, NULL, NULL, NULL, NULL, NULL, NULL, NULL, 'e9e9a3e6-c43b-467e-b96c-c43d9309e0ed');
REPLACE INTO `activities` (`id`, `crop_id`, `field_id`, `performed_by`, `activity_type`, `activity_date`, `start_time`, `end_time`, `duration_hours`, `area_covered`, `description`, `weather_conditions`, `temperature`, `equipment_used`, `labor_cost`, `notes`, `created_at`, `updated_at`, `infrastructure_id`, `harvest_id`, `priority`, `work_status`, `transaction_type`, `material_cost`, `equipment_cost`, `service_cost`, `transport_cost`, `other_cost`, `total_cost`, `payment_method`, `num_workers`, `component`, `materials_used`, `next_maintenance`, `issues`, `supplier_name`, `supplier_contact`, `invoice_number`, `warranty`, `farm_id`) VALUES ('4acbfd6b-3d5b-4132-aa28-bdae0367dee9', NULL, '6c7809f5-42ca-4f46-8a31-2d3e4ca9db82', '78b88453-8b3e-4a29-a180-b1c5aa5b7483', 'planting', '2024-03-18', NULL, NULL, NULL, NULL, 'MOMO Import', NULL, NULL, NULL, NULL, NULL, '2026-02-04 05:18:56.294', '2026-02-04 05:53:48.679', NULL, NULL, NULL, 'completed', 'expense', NULL, NULL, NULL, NULL, NULL, '17000.00', NULL, NULL, NULL, NULL, NULL, NULL, NULL, NULL, NULL, NULL, 'e9e9a3e6-c43b-467e-b96c-c43d9309e0ed');
REPLACE INTO `activities` (`id`, `crop_id`, `field_id`, `performed_by`, `activity_type`, `activity_date`, `start_time`, `end_time`, `duration_hours`, `area_covered`, `description`, `weather_conditions`, `temperature`, `equipment_used`, `labor_cost`, `notes`, `created_at`, `updated_at`, `infrastructure_id`, `harvest_id`, `priority`, `work_status`, `transaction_type`, `material_cost`, `equipment_cost`, `service_cost`, `transport_cost`, `other_cost`, `total_cost`, `payment_method`, `num_workers`, `component`, `materials_used`, `next_maintenance`, `issues`, `supplier_name`, `supplier_contact`, `invoice_number`, `warranty`, `farm_id`) VALUES ('3e8299f0-b38f-4bce-a5ee-54a91e56b5d8', NULL, '6c7809f5-42ca-4f46-8a31-2d3e4ca9db82', '78b88453-8b3e-4a29-a180-b1c5aa5b7483', 'planting', '2024-03-16', NULL, NULL, NULL, NULL, 'MOMO Import', NULL, NULL, NULL, NULL, NULL, '2026-02-04 05:18:56.294', '2026-02-04 05:53:48.679', NULL, NULL, NULL, 'completed', 'expense', NULL, NULL, NULL, NULL, NULL, '7000.00', NULL, NULL, NULL, NULL, NULL, NULL, NULL, NULL, NULL, NULL, 'e9e9a3e6-c43b-467e-b96c-c43d9309e0ed');
REPLACE INTO `activities` (`id`, `crop_id`, `field_id`, `performed_by`, `activity_type`, `activity_date`, `start_time`, `end_time`, `duration_hours`, `area_covered`, `description`, `weather_conditions`, `temperature`, `equipment_used`, `labor_cost`, `notes`, `created_at`, `updated_at`, `infrastructure_id`, `harvest_id`, `priority`, `work_status`, `transaction_type`, `material_cost`, `equipment_cost`, `service_cost`, `transport_cost`, `other_cost`, `total_cost`, `payment_method`, `num_workers`, `component`, `materials_used`, `next_maintenance`, `issues`, `supplier_name`, `supplier_contact`, `invoice_number`, `warranty`, `farm_id`) VALUES ('e52c190a-9b47-4d0e-97b5-a1a21474cd41', NULL, '6c7809f5-42ca-4f46-8a31-2d3e4ca9db82', '78b88453-8b3e-4a29-a180-b1c5aa5b7483', 'planting', '2024-03-08', NULL, NULL, NULL, NULL, 'MOMO Import', NULL, NULL, NULL, NULL, NULL, '2026-02-04 05:18:56.294', '2026-02-04 05:53:48.679', NULL, NULL, NULL, 'completed', 'expense', NULL, NULL, NULL, NULL, NULL, '8000.00', NULL, NULL, NULL, NULL, NULL, NULL, NULL, NULL, NULL, NULL, 'e9e9a3e6-c43b-467e-b96c-c43d9309e0ed');



REPLACE INTO `cost_settings` (`id`, `farm_id`, `category`, `name`, `unit`, `unit_cost`, `billing_frequency`, `notes`, `created_at`, `updated_at`) VALUES ('9f11285f-023d-4313-8457-eeb922917198', 'e9e9a3e6-c43b-467e-b96c-c43d9309e0ed', 'ASSET_TYPE', 'Water Storage containers', 'asset', '0.00', 'per_unit', NULL, '2026-02-04 17:15:27.213', '2026-02-04 17:15:27.213');

REPLACE INTO `crop_definitions` (`id`, `name`, `category`, `varieties`, `icon`, `color`, `is_active`, `created_at`, `updated_at`) VALUES ('1', 'Maize (Maïs)', 'Cereals & Grains', '["CMS 8704", "CMS 9015", "CMS 8501", "Composite White", "Local Yellow"]', '🌽', '#ffd700', 1, '2026-02-01 08:20:27.72', '2026-02-01 08:20:27.72');
REPLACE INTO `crop_definitions` (`id`, `name`, `category`, `varieties`, `icon`, `color`, `is_active`, `created_at`, `updated_at`) VALUES ('2', 'Rice (Riz)', 'Cereals & Grains', '["IRAD 342", "NERICA 3", "NERICA 8", "Tox 3145", "Local Paddy"]', '🌾', '#f0e68c', 1, '2026-02-01 08:20:27.72', '2026-02-01 08:20:27.72');
REPLACE INTO `crop_definitions` (`id`, `name`, `category`, `varieties`, `icon`, `color`, `is_active`, `created_at`, `updated_at`) VALUES ('5', 'Cassava (Manioc)', 'Roots & Tubers', '["TME 419", "TMS 92/0326", "TMS 96/0023", "Red Skin", "White Skin"]', '🍠', '#8b4513', 1, '2026-02-01 08:20:27.72', '2026-02-01 08:20:27.72');
REPLACE INTO `crop_definitions` (`id`, `name`, `category`, `varieties`, `icon`, `color`, `is_active`, `created_at`, `updated_at`) VALUES ('6', 'Yam (Igname)', 'Roots & Tubers', '["Yellow Yam", "White Yam", "Water Yam (Bitala)"]', '🍠', '#cd853f', 1, '2026-02-01 08:20:27.72', '2026-02-01 08:20:27.72');
REPLACE INTO `crop_definitions` (`id`, `name`, `category`, `varieties`, `icon`, `color`, `is_active`, `created_at`, `updated_at`) VALUES ('7', 'Cocoyam (Macabo/Taro)', 'Roots & Tubers', '["Ibo Macabo", "Red Macabo", "White Macabo", "Taro (Ekoe)"]', '🌿', '#556b2f', 1, '2026-02-01 08:20:27.72', '2026-02-01 08:20:27.72');
REPLACE INTO `crop_definitions` (`id`, `name`, `category`, `varieties`, `icon`, `color`, `is_active`, `created_at`, `updated_at`) VALUES ('8', 'Sweet Potato (Patate)', 'Roots & Tubers', '["TIB 1", "TIB 2", "Orange Fleshed (OFSP)", "White Fleshed"]', '🍠', '#ff8c00', 1, '2026-02-01 08:20:27.72', '2026-02-01 08:20:27.72');
REPLACE INTO `crop_definitions` (`id`, `name`, `category`, `varieties`, `icon`, `color`, `is_active`, `created_at`, `updated_at`) VALUES ('11', 'Beans (Haricots)', 'Pulses & Legumes', '["GLP 2", "NITU", "Black Beans", "Kidney Beans"]', '🫘', '#800000', 1, '2026-02-01 08:20:27.72', '2026-02-01 08:20:27.72');
REPLACE INTO `crop_definitions` (`id`, `name`, `category`, `varieties`, `icon`, `color`, `is_active`, `created_at`, `updated_at`) VALUES ('12', 'Soybeans (Soja)', 'Pulses & Legumes', '["TGX 1910-14F", "TGX 1835-10E"]', '🌱', '#9acd32', 1, '2026-02-01 08:20:27.72', '2026-02-01 08:20:27.72');
REPLACE INTO `crop_definitions` (`id`, `name`, `category`, `varieties`, `icon`, `color`, `is_active`, `created_at`, `updated_at`) VALUES ('13', 'Egusi (Melon)', 'Pulses & Legumes', '["Large Seed", "Small Seed"]', '🍈', '#f0fff0', 1, '2026-02-01 08:20:27.72', '2026-02-01 08:20:27.72');
REPLACE INTO `crop_definitions` (`id`, `name`, `category`, `varieties`, `icon`, `color`, `is_active`, `created_at`, `updated_at`) VALUES ('14', 'Plantain', 'Fruit Trees', '["Big Ebanga", "Batard", "Essong", "Mbouroukou"]', '🍌', '#ffffe0', 1, '2026-02-01 08:20:27.72', '2026-02-01 08:20:27.72');
REPLACE INTO `crop_definitions` (`id`, `name`, `category`, `varieties`, `icon`, `color`, `is_active`, `created_at`, `updated_at`) VALUES ('15', 'Banana (Banane douce)', 'Fruit Trees', '["Cavendish", "Gros Michel", "Poyo"]', '🍌', '#ffff00', 1, '2026-02-01 08:20:27.72', '2026-02-01 08:20:27.72');
REPLACE INTO `crop_definitions` (`id`, `name`, `category`, `varieties`, `icon`, `color`, `is_active`, `created_at`, `updated_at`) VALUES ('16', 'Avocado (Avocatier)', 'Fruit Trees', '["Booth 7", "Booth 8", "Hass", "Local Butter"]', '🥑', '#556b2f', 1, '2026-02-01 08:20:27.72', '2026-02-01 08:20:27.72');
REPLACE INTO `crop_definitions` (`id`, `name`, `category`, `varieties`, `icon`, `color`, `is_active`, `created_at`, `updated_at`) VALUES ('17', 'Mango (Manguier)', 'Fruit Trees', '["Amélie", "Brooks", "Kent", "Keitt", "Local Green"]', '🥭', '#ffa500', 1, '2026-02-01 08:20:27.72', '2026-02-01 08:20:27.72');
REPLACE INTO `crop_definitions` (`id`, `name`, `category`, `varieties`, `icon`, `color`, `is_active`, `created_at`, `updated_at`) VALUES ('18', 'Citrus (Orange/Citron)', 'Fruit Trees', '["Valencia Orange", "Washington Navel", "Eureka Lemon", "Lime"]', '🍊', '#ff4500', 1, '2026-02-01 08:20:27.72', '2026-02-01 08:20:27.72');
REPLACE INTO `crop_definitions` (`id`, `name`, `category`, `varieties`, `icon`, `color`, `is_active`, `created_at`, `updated_at`) VALUES ('20', 'Pineapple (Ananas)', 'Fruit Trees', '["Smooth Cayenne", "Sugar Loaf"]', '🍍', '#ffd700', 1, '2026-02-01 08:20:27.72', '2026-02-01 08:20:27.72');
REPLACE INTO `crop_definitions` (`id`, `name`, `category`, `varieties`, `icon`, `color`, `is_active`, `created_at`, `updated_at`) VALUES ('21', 'Safou (Plum)', 'Fruit Trees', '["Long Safou", "Round Safou"]', '🟣', '#800080', 1, '2026-02-01 08:20:27.72', '2026-02-01 08:20:27.72');
REPLACE INTO `crop_definitions` (`id`, `name`, `category`, `varieties`, `icon`, `color`, `is_active`, `created_at`, `updated_at`) VALUES ('22', 'Cocoa (Cacao)', 'Cash & Industrial', '["Hybrid (High Yield)", "Forastero", "Trinitario"]', '🍫', '#a0522d', 1, '2026-02-01 08:20:27.72', '2026-02-01 08:20:27.72');
REPLACE INTO `crop_definitions` (`id`, `name`, `category`, `varieties`, `icon`, `color`, `is_active`, `created_at`, `updated_at`) VALUES ('23', 'Coffee (Robusta)', 'Cash & Industrial', '["IFC 1", "Local Selection"]', '☕', '#654321', 1, '2026-02-01 08:20:27.72', '2026-02-01 08:20:27.72');
REPLACE INTO `crop_definitions` (`id`, `name`, `category`, `varieties`, `icon`, `color`, `is_active`, `created_at`, `updated_at`) VALUES ('24', 'Coffee (Arabica)', 'Cash & Industrial', '["Java", "Jamaican Blue Mountain Type"]', '☕', '#8b4513', 1, '2026-02-01 08:20:27.72', '2026-02-01 08:20:27.72');
REPLACE INTO `crop_definitions` (`id`, `name`, `category`, `varieties`, `icon`, `color`, `is_active`, `created_at`, `updated_at`) VALUES ('25', 'Oil Palm (Palmier)', 'Cash & Industrial', '["Tenera (Hybrid)", "Dura", "Pisifera"]', '🌴', '#ff0000', 1, '2026-02-01 08:20:27.72', '2026-02-01 08:20:27.72');
REPLACE INTO `crop_definitions` (`id`, `name`, `category`, `varieties`, `icon`, `color`, `is_active`, `created_at`, `updated_at`) VALUES ('28', 'Sugar Cane (Canne)', 'Cash & Industrial', '["Local Red", "Local Green"]', '🎋', '#90ee90', 1, '2026-02-01 08:20:27.72', '2026-02-01 08:20:27.72');
REPLACE INTO `crop_definitions` (`id`, `name`, `category`, `varieties`, `icon`, `color`, `is_active`, `created_at`, `updated_at`) VALUES ('31', 'Pepper (Piment)', 'Vegetables & Spices', '["Habanero (Yellow/Red)", "Bird''s Eye", "Green Pepper"]', '🌶️', '#ff0000', 1, '2026-02-01 08:20:27.72', '2026-02-01 08:20:27.72');
REPLACE INTO `crop_definitions` (`id`, `name`, `category`, `varieties`, `icon`, `color`, `is_active`, `created_at`, `updated_at`) VALUES ('32', 'Okra (Gombo)', 'Vegetables & Spices', '["Kirikou", "Local Early"]', '🥬', '#006400', 1, '2026-02-01 08:20:27.72', '2026-02-01 08:20:27.72');
REPLACE INTO `crop_definitions` (`id`, `name`, `category`, `varieties`, `icon`, `color`, `is_active`, `created_at`, `updated_at`) VALUES ('33', 'Bitter leaf (Ndolé)', 'Vegetables & Spices', '["Small leaf", "Large leaf"]', '🌿', '#008000', 1, '2026-02-01 08:20:27.72', '2026-02-01 08:20:27.72');
REPLACE INTO `crop_definitions` (`id`, `name`, `category`, `varieties`, `icon`, `color`, `is_active`, `created_at`, `updated_at`) VALUES ('35', 'Ginger (Gingembre)', 'Vegetables & Spices', '["Local Sharp", "Yellow Ginger"]', '🫚', '#f0e68c', 1, '2026-02-01 08:20:27.72', '2026-02-01 08:20:27.72');
REPLACE INTO `crop_definitions` (`id`, `name`, `category`, `varieties`, `icon`, `color`, `is_active`, `created_at`, `updated_at`) VALUES ('27', 'Cotton (Coton)', 'Cash & Industrial', '["IRAD Hybrid", "Local L-21"]', '☁️', '#ffffff', 1, '2026-02-01 08:20:27.72', '2026-02-01 09:31:05.271');
REPLACE INTO `crop_definitions` (`id`, `name`, `category`, `varieties`, `icon`, `color`, `is_active`, `created_at`, `updated_at`) VALUES ('36', 'Garlic (Ail)', 'Vegetables & Spices', '["Local White"]', '🧄', '#fffacd', 0, '2026-02-01 08:20:27.72', '2026-02-01 09:31:08.45');
REPLACE INTO `crop_definitions` (`id`, `name`, `category`, `varieties`, `icon`, `color`, `is_active`, `created_at`, `updated_at`) VALUES ('10', 'Groundnuts (Arachides)', 'Pulses & Legumes', '["28-206", "Florispan", "Campala", "Local Red"]', '🥜', '#d2691e', 0, '2026-02-01 08:20:27.72', '2026-02-01 09:31:13.886');
REPLACE INTO `crop_definitions` (`id`, `name`, `category`, `varieties`, `icon`, `color`, `is_active`, `created_at`, `updated_at`) VALUES ('9', 'Irish Potato (Pomme)', 'Roots & Tubers', '["Cipira", "Bambui Red"]', '🥔', '#f4a460', 0, '2026-02-01 08:20:27.72', '2026-02-01 09:31:14.908');
REPLACE INTO `crop_definitions` (`id`, `name`, `category`, `varieties`, `icon`, `color`, `is_active`, `created_at`, `updated_at`) VALUES ('4', 'Millet', 'Cereals & Grains', '["Local Early", "Local Late"]', '🌾', '#deb887', 0, '2026-02-01 08:20:27.72', '2026-02-01 09:31:21.713');
REPLACE INTO `crop_definitions` (`id`, `name`, `category`, `varieties`, `icon`, `color`, `is_active`, `created_at`, `updated_at`) VALUES ('30', 'Onion (Oignon)', 'Vegetables & Spices', '["Galmi Violet", "Red Creole"]', '🧅', '#dda0dd', 0, '2026-02-01 08:20:27.72', '2026-02-01 09:31:23.805');
REPLACE INTO `crop_definitions` (`id`, `name`, `category`, `varieties`, `icon`, `color`, `is_active`, `created_at`, `updated_at`) VALUES ('19', 'Papaya (Papayer)', 'Fruit Trees', '["Solo", "Sunrise", "Local Large"]', '🍈', '#ffdab9', 0, '2026-02-01 08:20:27.72', '2026-02-01 09:31:29.242');
REPLACE INTO `crop_definitions` (`id`, `name`, `category`, `varieties`, `icon`, `color`, `is_active`, `created_at`, `updated_at`) VALUES ('34', 'Penja Pepper', 'Vegetables & Spices', '["White Penja", "Black Penja"]', '🧂', '#000000', 0, '2026-02-01 08:20:27.72', '2026-02-01 09:31:30.514');
REPLACE INTO `crop_definitions` (`id`, `name`, `category`, `varieties`, `icon`, `color`, `is_active`, `created_at`, `updated_at`) VALUES ('26', 'Rubber (Hévéa)', 'Cash & Industrial', '["GT 1", "PB 217", "Local Clone"]', '🌳', '#f5f5f5', 0, '2026-02-01 08:20:27.72', '2026-02-01 09:31:40.429');
REPLACE INTO `crop_definitions` (`id`, `name`, `category`, `varieties`, `icon`, `color`, `is_active`, `created_at`, `updated_at`) VALUES ('3', 'Sorghum (Sorgho)', 'Cereals & Grains', '["IRAD S-35", "CS-54", "Local Red"]', '🌾', '#d2b48c', 0, '2026-02-01 08:20:27.72', '2026-02-01 09:31:44.717');
REPLACE INTO `crop_definitions` (`id`, `name`, `category`, `varieties`, `icon`, `color`, `is_active`, `created_at`, `updated_at`) VALUES ('29', 'Tomato (Tomate)', 'Vegetables & Spices', '["Rio Grande", "Roma VF", "Cobra", "Local Cherry"]', '🍅', '#ff6347', 0, '2026-02-01 08:20:27.72', '2026-02-01 09:31:51.603');
REPLACE INTO `crop_definitions` (`id`, `name`, `category`, `varieties`, `icon`, `color`, `is_active`, `created_at`, `updated_at`) VALUES ('37', 'Bitter Cola', 'Custom', '[]', '🌱', '#4caf50', 1, '2026-02-01 18:36:43.438', '2026-02-01 18:36:43.438');

REPLACE INTO `crops` (`id`, `field_id`, `crop_type`, `variety`, `planting_date`, `expected_harvest_date`, `actual_harvest_date`, `planted_area`, `planting_rate`, `row_spacing`, `status`, `season`, `year`, `notes`, `created_at`, `updated_at`, `estimated_cost`, `boundary`) VALUES ('ffba8bf4-917c-499d-b6a1-149ff50909af', '6c7809f5-42ca-4f46-8a31-2d3e4ca9db82', 'Ginger (Gingembre)', 'Yellow Ginger', '2025-04-04', NULL, NULL, '0.30', NULL, NULL, 'planted', '', '2024', '[System Automated]: Campaign=, Irrigation Override=false', '2026-02-04 19:59:32.305', '2026-02-04 19:59:32.305', NULL, NULL);
REPLACE INTO `crops` (`id`, `field_id`, `crop_type`, `variety`, `planting_date`, `expected_harvest_date`, `actual_harvest_date`, `planted_area`, `planting_rate`, `row_spacing`, `status`, `season`, `year`, `notes`, `created_at`, `updated_at`, `estimated_cost`, `boundary`) VALUES ('999a3ba3-b89b-40ed-b07e-b3daea55bd81', '6c7809f5-42ca-4f46-8a31-2d3e4ca9db82', 'Cassava (Manioc)', 'Red Skin', '2025-04-30', '2026-04-30', NULL, '1.00', NULL, NULL, 'planted', '', '2025', '[System Automated]: Campaign=Continuous / Year-Round, Irrigation Override=false\n[System Automated]: Campaign=Continuous / Year-Round, Irrigation Override=false', '2026-02-04 20:03:18.969', '2026-02-04 20:47:05.209', NULL, NULL);
REPLACE INTO `crops` (`id`, `field_id`, `crop_type`, `variety`, `planting_date`, `expected_harvest_date`, `actual_harvest_date`, `planted_area`, `planting_rate`, `row_spacing`, `status`, `season`, `year`, `notes`, `created_at`, `updated_at`, `estimated_cost`, `boundary`) VALUES ('f35f9310-6760-451e-9ade-d1ffc92b033f', '6c7809f5-42ca-4f46-8a31-2d3e4ca9db82', 'Maize (Maïs)', 'Composite White', '2025-04-17', '2025-08-17', NULL, '0.30', NULL, NULL, 'planted', '', '2025', '[System Automated]: Campaign=Major Campaign, Irrigation Override=false\n[System Automated]: Campaign=Major Campaign, Irrigation Override=false', '2026-02-04 20:05:12.327', '2026-02-04 20:50:16.481', NULL, NULL);
REPLACE INTO `crops` (`id`, `field_id`, `crop_type`, `variety`, `planting_date`, `expected_harvest_date`, `actual_harvest_date`, `planted_area`, `planting_rate`, `row_spacing`, `status`, `season`, `year`, `notes`, `created_at`, `updated_at`, `estimated_cost`, `boundary`) VALUES ('84215a02-dadb-4903-9fc9-791ff6f6344a', '6c7809f5-42ca-4f46-8a31-2d3e4ca9db82', 'Beans (Haricots)', 'Kidney Beans', '2025-07-10', '2025-10-15', NULL, '0.30', NULL, NULL, 'planted', '', '2025', '[System Automated]: Campaign=, Irrigation Override=false\n[System Automated]: Campaign=, Irrigation Override=false\n[System Automated]: Campaign=, Irrigation Override=false', '2026-02-04 20:19:03.866', '2026-02-04 20:52:30.966', NULL, NULL);



REPLACE INTO `farms` (`id`, `owner_id`, `name`, `address`, `city`, `state`, `country`, `postal_code`, `coordinates`, `total_area`, `area_unit`, `farm_type`, `is_active`, `created_at`, `updated_at`, `boundary`) VALUES ('e9e9a3e6-c43b-467e-b96c-c43d9309e0ed', '78b88453-8b3e-4a29-a180-b1c5aa5b7483', 'Maloure', '', '', '', '', NULL, NULL, NULL, 'hectares', 'mixed', 1, '2026-02-04 04:04:50.475', '2026-02-04 04:04:50.475', NULL);

REPLACE INTO `fields` (`id`, `farm_id`, `name`, `field_number`, `boundary`, `area`, `area_unit`, `soil_type`, `drainage`, `slope`, `irrigation`, `notes`, `is_active`, `created_at`, `updated_at`, `status`, `crop_id`, `carbon_sequestration`, `water_efficiency`, `perimeter`) VALUES ('6c7809f5-42ca-4f46-8a31-2d3e4ca9db82', 'e9e9a3e6-c43b-467e-b96c-c43d9309e0ed', 'North', '', ST_GeomFromWKB(UNHEX('010300000001000000140000007A37161406152640D2C8E7154FAD1740664D2CF0151526406BD5AE0969AD1740F4C29D0B23152640C03FA54A94AD1740711E4E603A1526405A2F8672A2AD1740A7B0524145152640548F34B8ADAD17402C47C8409E152640605B3FFD67AD174098C28366D71526402E20B41EBEAC1740EF535568201626406760E4654DAC1740010000E06B1626408FA236FB49AB1740010000BC0816264001ADD66A21AB1740ED9BFBABC7152640D5B48B69A6AB1740010000ACA0152640C0CA556DF7AB174068791EDC9D152640C365153603AC17400100008C84152640D252F82747AC1740963FDF162C1526406CD097DEFEAC17408BA8893E1F152640B08F4E5DF9AC17401327F73B1415264016DA39CD02AD174016F71F990E152640228E75711BAD1740D21A834E0815264010919A7631AD17407A37161406152640D2C8E7154FAD1740'), 4326), '3.15', 'hectares', 'loamy', 'excellent', '', 0, '', 1, '2026-02-04 04:08:16.239', '2026-02-04 05:45:33.085', 'active', NULL, '0.00', '100.00', '0.00');
REPLACE INTO `fields` (`id`, `farm_id`, `name`, `field_number`, `boundary`, `area`, `area_unit`, `soil_type`, `drainage`, `slope`, `irrigation`, `notes`, `is_active`, `created_at`, `updated_at`, `status`, `crop_id`, `carbon_sequestration`, `water_efficiency`, `perimeter`) VALUES ('e4dca5e0-f24f-408d-928c-c9468ca84121', 'e9e9a3e6-c43b-467e-b96c-c43d9309e0ed', 'South', '', ST_GeomFromWKB(UNHEX('0103000000010000002C0000005BECF659651626402B155454FDAA1740EC3191D26C16264042CF66D5E7AA17401A1A4F0471162640F33E8EE6C8AA17404DBF44BC75162640815D4D9EB2AA1740EF3B86C77E162640925A28999CAA174025B1A4DC7D16264081E9B46E83AA1740289EB305841626409E60FF756EAA1740F702B342911626400A80F10C1AAA174025EB7074951626407CED992501AA17409692E52494162640FAD4B14AE9A9174014234BE6581626400C022B8716A9174044BE4BA94B162640CE39782634A9174003B2D7BB3F16264001DF6DDE38A917402E90A0F8311626402E8D5F7825A917403F8D7BF31B16264050357A3540A917405E0EBBEF18162640CD902A8A57A91740537765170C16264023A46E675FA91740E1B20A9B0116264078D4981073A91740B1DD3D40F715264028B8585183A9174064575A46EA1526401781B1BE81A917402EC55565DF152640B62DCA6C90A9174056B60F79CB1526403929CC7B9CA91740BA13ECBFCE152640D80FB1C1C2A9174068D0D03FC11526403E20D099B4A91740A9A27895B51526405531957EC2A917402C8194D8B515264060E5D022DBA91740406B7EFCA5152640603C8386FEA91740000000D0A91526403E3B4A0D19AA1740408864C8B11526405436ACA92CAA174001000048B91526407228C40343AA1740000000B8C11526402EED156559AA1740DF516342CC1526405A84622B68AA1740B743C362D4152640DC9C4A0680AA174048895DDBDB152640A374E95F92AA1740626A4B1DE41526401B13622EA9AA1740000000EC05162640E0E38E77E9AA174009FB76121116264075AE282504AB1740A8A78FC01F1626409DD9AED007AB17407EC9C6832D162640EC2FBB270FAB174053EBFD463B1626404243FF0417AB17400100006C49162640BCD043A017AB1740B0C56E9F55162640310C587215AB1740D80DDB16651626403C2F151BF3AA17405BECF659651626402B155454FDAA1740'), 4326), '2.77', 'hectares', 'loamy', 'excellent', '', 0, '', 1, '2026-02-04 04:11:24.637', '2026-02-04 05:45:47.712', 'active', NULL, '0.00', '100.00', '0.00');

REPLACE INTO `harvests` (`id`, `crop_id`, `harvest_date`, `area_harvested`, `quantity`, `unit`, `yield_per_area`, `quality_grade`, `moisture_content`, `storage_location`, `destination`, `price_per_unit`, `total_revenue`, `notes`, `created_at`, `updated_at`) VALUES ('1a05d24a-ea59-445b-8a49-a8060a62270d', 'ffba8bf4-917c-499d-b6a1-149ff50909af', '2025-03-28', '0.30', '50.00', 'kg', '166.67', 'A', NULL, '', 'stored', '2000.00', '100000.00', 'Harvest if ginger , Ginger sold for 2024 and 2025', '2026-02-04 20:09:14.097', '2026-02-04 20:23:51.026');
REPLACE INTO `harvests` (`id`, `crop_id`, `harvest_date`, `area_harvested`, `quantity`, `unit`, `yield_per_area`, `quality_grade`, `moisture_content`, `storage_location`, `destination`, `price_per_unit`, `total_revenue`, `notes`, `created_at`, `updated_at`) VALUES ('8daa53d1-aad2-4ecf-8abc-0e9f1d5bdbf1', 'f35f9310-6760-451e-9ade-d1ffc92b033f', '2026-02-04', '0.30', '72.00', 'kg', '240.00', 'A', NULL, '', 'sold', '350.00', '25200.00', '', '2026-02-04 20:12:19.766', '2026-02-04 20:53:27.49');
REPLACE INTO `harvests` (`id`, `crop_id`, `harvest_date`, `area_harvested`, `quantity`, `unit`, `yield_per_area`, `quality_grade`, `moisture_content`, `storage_location`, `destination`, `price_per_unit`, `total_revenue`, `notes`, `created_at`, `updated_at`) VALUES ('1fbfffbe-d613-4cb3-8d47-0e0bea9455b0', '999a3ba3-b89b-40ed-b07e-b3daea55bd81', '2026-01-15', '0.10', '50.00', 'kg', '500.00', 'A', NULL, '', 'stored', '300.00', '15000.00', '', '2026-02-04 20:15:21.295', '2026-02-04 20:53:50.662');
REPLACE INTO `harvests` (`id`, `crop_id`, `harvest_date`, `area_harvested`, `quantity`, `unit`, `yield_per_area`, `quality_grade`, `moisture_content`, `storage_location`, `destination`, `price_per_unit`, `total_revenue`, `notes`, `created_at`, `updated_at`) VALUES ('ad277830-1fc7-4994-926a-bff33b81db7f', '84215a02-dadb-4903-9fc9-791ff6f6344a', '2026-01-22', '0.30', '30.00', 'kg', '100.00', 'A', NULL, '', 'stored', '1150.00', '34500.00', '', '2026-02-04 20:21:39.787', '2026-02-04 20:54:14.36');

REPLACE INTO `infrastructure` (`id`, `farm_id`, `field_id`, `name`, `type`, `status`, `construction_date`, `cost`, `area_sqm`, `boundary`, `notes`, `created_at`, `updated_at`, `sub_type`, `perimeter`, `boundary_manual`, `condition`, `material`, `maintenance_history`, `capacity_unit`, `quantity`, `unit_price`, `acquisition_cost`) VALUES ('e5688c12-2d7f-4a7c-8af1-2a86d08115d2', 'e9e9a3e6-c43b-467e-b96c-c43d9309e0ed', 'e4dca5e0-f24f-408d-928c-c9468ca84121', 'Storage Containers', 'Asset', 'operational', NULL, '4500.00', '20.00', NULL, 'Water storage containers for south farm', '2026-02-04 17:43:07.618', '2026-02-05 00:25:22.619', 'Water Storage containers', NULL, NULL, 'good', NULL, NULL, 'L', '3', '1500.00', '4500.00');

REPLACE INTO `infrastructure_definitions` (`id`, `name`, `category`, `icon`, `color`, `is_active`, `sub_types`, `created_at`, `updated_at`) VALUES ('1', 'Farm House', 'Residential', '🏠', '#795548', 1, '["Management Quarters", "Staff Housing", "Guest House"]', '2026-02-03 14:01:27.171', '2026-02-03 14:01:27.171');
REPLACE INTO `infrastructure_definitions` (`id`, `name`, `category`, `icon`, `color`, `is_active`, `sub_types`, `created_at`, `updated_at`) VALUES ('2', 'General Warehouse', 'Storage', '🏭', '#607D8B', 1, '["Large Scale Store", "Equipment Garage", "Input Store"]', '2026-02-03 14:01:28.192', '2026-02-03 14:01:28.192');
REPLACE INTO `infrastructure_definitions` (`id`, `name`, `category`, `icon`, `color`, `is_active`, `sub_types`, `created_at`, `updated_at`) VALUES ('3', 'Silo / Grain Store', 'Storage', '🌾', '#FFD700', 1, '["Drying Silo", "Cold Storage Silo", "Bulk Loader"]', '2026-02-03 14:01:29.217', '2026-02-03 14:01:29.217');
REPLACE INTO `infrastructure_definitions` (`id`, `name`, `category`, `icon`, `color`, `is_active`, `sub_types`, `created_at`, `updated_at`) VALUES ('4', 'Cold Storage / Fridge', 'Storage', '🧊', '#00BCD4', 1, '["Fruit Cold Room", "Vegetable Chiller", "Meat Locker"]', '2026-02-03 14:01:30.241', '2026-02-03 14:01:30.241');
REPLACE INTO `infrastructure_definitions` (`id`, `name`, `category`, `icon`, `color`, `is_active`, `sub_types`, `created_at`, `updated_at`) VALUES ('5', 'Fertilizer/Chemical Store', 'Security', '🧪', '#9C27B0', 1, '["Pesticide Bunker", "Bio-Fertilizer Pit"]', '2026-02-03 14:01:31.265', '2026-02-03 14:01:31.265');
REPLACE INTO `infrastructure_definitions` (`id`, `name`, `category`, `icon`, `color`, `is_active`, `sub_types`, `created_at`, `updated_at`) VALUES ('6', 'Poultry Pen', 'Livestock', '🐔', '#FF9800', 1, '["Broiler House", "Layer House", "Hatchery"]', '2026-02-03 14:01:32.289', '2026-02-03 14:01:32.289');
REPLACE INTO `infrastructure_definitions` (`id`, `name`, `category`, `icon`, `color`, `is_active`, `sub_types`, `created_at`, `updated_at`) VALUES ('7', 'Piggery / Swine Shed', 'Livestock', '🐖', '#F06292', 1, '["Farrowing Pen", "Gestation Stall"]', '2026-02-03 14:01:33.313', '2026-02-03 14:01:33.313');
REPLACE INTO `infrastructure_definitions` (`id`, `name`, `category`, `icon`, `color`, `is_active`, `sub_types`, `created_at`, `updated_at`) VALUES ('8', 'Livestock Paddock', 'Livestock', '🐄', '#8D6E63', 1, '["Cattle Yard", "Goat Shed", "Sheep Fold"]', '2026-02-03 14:01:34.336', '2026-02-03 14:01:34.336');
REPLACE INTO `infrastructure_definitions` (`id`, `name`, `category`, `icon`, `color`, `is_active`, `sub_types`, `created_at`, `updated_at`) VALUES ('9', 'Fish Pond / Aquaculture', 'Livestock', '🐟', '#2196F3', 1, '["Concrete Tank", "Earthen Pond", "Nursery Tank"]', '2026-02-03 14:01:35.361', '2026-02-03 14:01:35.361');
REPLACE INTO `infrastructure_definitions` (`id`, `name`, `category`, `icon`, `color`, `is_active`, `sub_types`, `created_at`, `updated_at`) VALUES ('10', 'Bee Apiary', 'Livestock', '🐝', '#FFEB3B', 1, '["Modern Hive", "Traditional Log"]', '2026-02-03 14:01:36.385', '2026-02-03 14:01:36.385');
REPLACE INTO `infrastructure_definitions` (`id`, `name`, `category`, `icon`, `color`, `is_active`, `sub_types`, `created_at`, `updated_at`) VALUES ('11', 'Cocoa/Coffee Dryer', 'Processing', '♨️', '#A0522D', 1, '["Solar Dryer", "Oven Dryer", "Fermentation Box"]', '2026-02-03 14:01:37.43', '2026-02-03 14:01:37.43');
REPLACE INTO `infrastructure_definitions` (`id`, `name`, `category`, `icon`, `color`, `is_active`, `sub_types`, `created_at`, `updated_at`) VALUES ('12', 'Oil Press / Mill', 'Processing', '⚙️', '#E91E63', 1, '["Palm Oil Mill", "Seed Crusher", "Soap Facility"]', '2026-02-03 14:01:38.637', '2026-02-03 14:01:38.637');
REPLACE INTO `infrastructure_definitions` (`id`, `name`, `category`, `icon`, `color`, `is_active`, `sub_types`, `created_at`, `updated_at`) VALUES ('13', 'Sorting & Grading Hall', 'Processing', '🏗️', '#9E9E9E', 1, '["Packing Line", "Quality Lab"]', '2026-02-03 14:01:39.661', '2026-02-03 14:01:39.661');
REPLACE INTO `infrastructure_definitions` (`id`, `name`, `category`, `icon`, `color`, `is_active`, `sub_types`, `created_at`, `updated_at`) VALUES ('14', 'Nursery / Greenhouse', 'Production', '🪴', '#4CAF50', 1, '["Plug Tray Rack", "Hydroponic Unit", "Shade House"]', '2026-02-03 14:01:40.643', '2026-02-03 14:01:40.643');
REPLACE INTO `infrastructure_definitions` (`id`, `name`, `category`, `icon`, `color`, `is_active`, `sub_types`, `created_at`, `updated_at`) VALUES ('15', 'Composting Area', 'Production', '♻️', '#33691E', 1, '["Bokashi Pit", "Vermicompost Bin"]', '2026-02-03 14:01:41.553', '2026-02-03 14:01:41.553');
REPLACE INTO `infrastructure_definitions` (`id`, `name`, `category`, `icon`, `color`, `is_active`, `sub_types`, `created_at`, `updated_at`) VALUES ('16', 'Irrigation System', 'Water', '💧', '#2196F3', 1, '["Center Pivot", "Drip Station", "Hydrant Network"]', '2026-02-03 14:01:42.631', '2026-02-03 14:01:42.631');
REPLACE INTO `infrastructure_definitions` (`id`, `name`, `category`, `icon`, `color`, `is_active`, `sub_types`, `created_at`, `updated_at`) VALUES ('17', 'Borehole / Well', 'Water', '🚰', '#03A9F4', 1, '["Deep Well", "Shallow Well", "Water Tower"]', '2026-02-03 14:01:43.567', '2026-02-03 14:01:43.567');
REPLACE INTO `infrastructure_definitions` (`id`, `name`, `category`, `icon`, `color`, `is_active`, `sub_types`, `created_at`, `updated_at`) VALUES ('18', 'Solar Power Plant', 'Energy', '🔋', '#FF5722', 1, '["PV Array", "Battery Room", "Inverter Shed"]', '2026-02-03 14:01:44.679', '2026-02-03 14:01:44.679');
REPLACE INTO `infrastructure_definitions` (`id`, `name`, `category`, `icon`, `color`, `is_active`, `sub_types`, `created_at`, `updated_at`) VALUES ('19', 'Security Post', 'Security', '🛡️', '#37474F', 1, '["Gate House", "Watchtower", "CCTV Hub"]', '2026-02-03 14:01:45.727', '2026-02-03 14:01:45.727');
REPLACE INTO `infrastructure_definitions` (`id`, `name`, `category`, `icon`, `color`, `is_active`, `sub_types`, `created_at`, `updated_at`) VALUES ('20', 'Staff Canteen/Clinic', 'Residential', '🍱', '#FFCDD2', 1, '["Workers Kitchen", "First Aid Station"]', '2026-02-03 14:01:46.829', '2026-02-03 14:01:46.829');
REPLACE INTO `infrastructure_definitions` (`id`, `name`, `category`, `icon`, `color`, `is_active`, `sub_types`, `created_at`, `updated_at`) VALUES ('21', 'Fencing / Gate', 'Security', '🚧', '#F44336', 1, '["Electric Fence", "Perimeter Wall"]', '2026-02-03 14:01:47.956', '2026-02-03 14:01:47.956');


REPLACE INTO `users` (`id`, `email`, `password_hash`, `first_name`, `last_name`, `phone`, `role`, `profile_image_url`, `is_active`, `created_at`, `updated_at`) VALUES ('78b88453-8b3e-4a29-a180-b1c5aa5b7483', 'gsouleman@gmail.com', '$2b$10$6wBtroPiJGkO8HOdF.v9vOkFudGBJtOIPWm4WjJMCZxYkQ3MGMJw6', 'Ghouenzen', 'Soulemanou', '+237675299868', 'admin', NULL, 1, '2026-01-29 00:09:39.192', '2026-01-29 00:09:39.192');



SET FOREIGN_KEY_CHECKS = 1;
